-- phpMyAdmin SQL Dump
-- version 5.2.1
-- https://www.phpmyadmin.net/
--
-- Host: 127.0.0.1
-- Tempo de geração: 24/03/2024 às 00:36
-- Versão do servidor: 10.4.28-MariaDB
-- Versão do PHP: 8.2.4

SET SQL_MODE = "NO_AUTO_VALUE_ON_ZERO";
START TRANSACTION;
SET time_zone = "+00:00";


/*!40101 SET @OLD_CHARACTER_SET_CLIENT=@@CHARACTER_SET_CLIENT */;
/*!40101 SET @OLD_CHARACTER_SET_RESULTS=@@CHARACTER_SET_RESULTS */;
/*!40101 SET @OLD_COLLATION_CONNECTION=@@COLLATION_CONNECTION */;
/*!40101 SET NAMES utf8mb4 */;

--
-- Banco de dados: `calculo_cardapio`
--

-- --------------------------------------------------------

--
-- Estrutura para tabela `acessorios`
--

CREATE TABLE `acessorios` (
  `id` int(20) UNSIGNED NOT NULL,
  `descricao` varchar(255) NOT NULL,
  `valor` float NOT NULL,
  `created_at` timestamp NULL DEFAULT NULL,
  `updated_at` timestamp NULL DEFAULT NULL
) ENGINE=InnoDB DEFAULT CHARSET=utf8mb4 COLLATE=utf8mb4_unicode_ci;

--
-- Despejando dados para a tabela `acessorios`
--

INSERT INTO `acessorios` (`id`, `descricao`, `valor`, `created_at`, `updated_at`) VALUES
(1, 'Saquinho Lanche 100gr', 0.084858, '2021-11-03 20:46:24', '2024-03-07 02:12:20'),
(2, 'Isopor', 1.25, '2021-11-03 21:40:03', '2021-11-19 03:16:49'),
(3, 'Papel Embrulho', 0.07, '2021-11-03 21:49:28', '2022-01-30 03:54:34'),
(4, 'Sacolas Verde 30cm x 45cm', 0.183333, '2021-11-04 22:34:24', '2021-11-19 04:06:47'),
(9, 'Sachê Catchup 7g', 0.0726563, '2021-11-08 21:18:25', '2024-03-14 00:46:26'),
(10, 'Sachê Mostarda 7gr', 0.0726563, '2021-11-08 21:21:54', '2024-02-17 03:44:42'),
(11, 'Sachê Maionese 7gr', 0.0807292, '2021-11-08 21:28:15', '2024-03-11 01:39:26'),
(12, 'Sachê Molho Verde 7kg', 0.119531, '2021-11-08 21:28:43', '2024-02-18 02:47:42'),
(13, 'Sacola Branca 40 X 50', 0, '2021-11-10 16:20:32', '2021-11-10 16:20:32'),
(14, 'Copinho Plástico 100ml', 0.059, '2021-11-15 02:31:24', '2021-11-21 01:58:12'),
(15, 'Tampa Plástica 100ml', 0.076, '2021-11-15 02:33:42', '2021-11-15 02:33:58'),
(16, 'Sacola Plástica 30x40 Lanches', 0.069, '2021-11-15 02:35:34', '2021-11-15 02:36:40'),
(17, 'Sacola Plástica 60x75 Caixa Combo', 0.318, '2021-11-15 02:37:19', '2024-03-07 02:10:37'),
(18, 'Hamburgueira Isopor Salada', 0.25, '2021-11-15 02:39:04', '2024-02-18 03:08:04'),
(19, 'Hamburgueira Isopor Meia Porção', 0.35, '2021-11-15 02:41:43', '2024-02-18 03:07:41'),
(20, 'Hamburgueira Isopor Grande', 0.6, '2021-11-15 04:08:02', '2024-02-18 03:06:57'),
(21, 'Forma Redonda Pizza Grande', 1.836, '2021-11-19 03:20:11', '2021-11-19 03:21:17'),
(22, 'Saco Papel Médio', 0.309, '2021-11-19 03:49:56', '2021-12-24 01:14:09'),
(23, 'Garfo Plástico', 0.178, '2021-11-19 03:57:14', '2021-12-21 17:44:22'),
(24, 'Sacolas Plásticas Porção', 0.172932, '2021-11-19 04:07:10', '2021-12-24 01:16:24'),
(25, 'Hamburgueira Pequena', 0.25, '2024-02-18 03:05:12', '2024-02-18 03:05:57'),
(26, 'Forma redonda pizza media', 1.836, '2024-02-21 01:17:28', '2024-02-21 01:19:04'),
(27, 'Saquinho p/ Congelar Hamburguer', 0.116667, '2024-03-07 02:13:20', '2024-03-07 02:14:34');

-- --------------------------------------------------------

--
-- Estrutura para tabela `entrada`
--

CREATE TABLE `entrada` (
  `id` bigint(20) UNSIGNED NOT NULL,
  `id_ingrediente` int(10) UNSIGNED NOT NULL,
  `qtd` int(11) NOT NULL,
  `valor_total` float NOT NULL,
  `created_at` timestamp NULL DEFAULT NULL,
  `updated_at` timestamp NULL DEFAULT NULL
) ENGINE=InnoDB DEFAULT CHARSET=utf8mb4 COLLATE=utf8mb4_unicode_ci;

--
-- Despejando dados para a tabela `entrada`
--

INSERT INTO `entrada` (`id`, `id_ingrediente`, `qtd`, `valor_total`, `created_at`, `updated_at`) VALUES
(1, 7, 25, 0, '2021-10-31 00:23:17', '2021-10-31 00:23:17'),
(2, 16, 20, 0, '2021-10-31 00:23:44', '2021-10-31 00:23:44'),
(3, 18, 27, 0, '2021-10-31 00:27:17', '2021-10-31 00:27:17'),
(4, 18, 30, 0, '2021-10-31 00:27:49', '2021-10-31 00:27:49'),
(5, 18, 27, 0, '2021-11-02 00:47:22', '2021-11-02 00:47:22'),
(6, 18, 25, 26.8, '2021-11-02 00:49:39', '2021-11-02 00:49:39'),
(7, 18, 25, 26.8, '2021-11-02 00:50:35', '2021-11-02 00:50:35'),
(8, 18, 20, 100, '2021-11-02 00:50:46', '2021-11-02 00:50:46'),
(9, 18, 3, 150, '2021-11-05 00:40:44', '2021-11-05 00:40:44'),
(10, 18, 5, 142, '2021-11-05 00:42:15', '2021-11-05 00:42:15'),
(11, 2, 3, 6, '2021-11-05 02:33:28', '2021-11-05 02:33:28'),
(12, 2, 3, 7, '2021-11-05 02:34:16', '2021-11-05 02:34:16'),
(13, 4, 12, 16.5, '2021-11-05 02:35:15', '2021-11-05 02:35:15'),
(14, 3, 500, 8, '2021-11-05 02:38:47', '2021-11-05 02:38:47'),
(15, 18, 1, 40, '2021-11-05 04:49:09', '2021-11-05 04:49:09'),
(16, 3, 500, 8, '2021-11-05 17:29:19', '2021-11-05 17:29:19'),
(17, 1, 24, 60, '2021-11-05 23:45:36', '2021-11-05 23:45:36'),
(18, 1, 60, 65, '2021-11-05 23:47:54', '2021-11-05 23:47:54'),
(19, 1, 24, 65, '2021-11-05 23:49:11', '2021-11-05 23:49:11'),
(20, 3, 1, 16, '2021-11-08 20:41:38', '2021-11-08 20:41:38'),
(21, 3, 1, 17, '2021-11-08 20:43:39', '2021-11-08 20:43:39'),
(22, 3, 500, 8.5, '2021-11-08 20:44:57', '2021-11-08 20:44:57'),
(23, 18, 700, 30, '2021-11-08 20:45:57', '2021-11-08 20:45:57'),
(24, 18, 600, 30, '2021-11-08 20:47:28', '2021-11-08 20:47:28'),
(25, 18, 600, 15, '2021-11-08 20:48:14', '2021-11-08 20:48:14'),
(26, 18, 600, 15.6, '2021-11-08 20:50:05', '2021-11-08 20:50:05'),
(27, 2, 3, 6, '2021-11-08 20:54:14', '2021-11-08 20:54:14'),
(28, 1, 24, 80, '2021-11-08 20:55:28', '2021-11-08 20:55:28'),
(29, 25, 4, 17, '2021-11-08 21:06:12', '2021-11-08 21:06:12'),
(30, 26, 3, 15, '2021-11-08 21:11:05', '2021-11-08 21:11:05'),
(31, 27, 3, 16.5, '2021-11-08 21:11:33', '2021-11-08 21:11:33'),
(32, 4, 24, 33.6, '2021-11-09 21:51:05', '2021-11-09 21:51:05'),
(33, 39, 1, 41, '2021-11-10 05:26:54', '2021-11-10 05:26:54'),
(34, 43, 1, 18, '2021-11-10 16:37:06', '2021-11-10 16:37:06'),
(35, 17, 3, 45, '2021-11-10 16:47:58', '2021-11-10 16:47:58'),
(36, 43, 1, 18, '2021-11-10 16:49:45', '2021-11-10 16:49:45'),
(37, 49, 2, 15, '2021-11-10 16:59:48', '2021-11-10 16:59:48'),
(38, 57, 1, 29, '2021-11-10 17:01:23', '2021-11-10 17:01:23'),
(39, 56, 10, 13, '2021-11-10 17:04:03', '2021-11-10 17:04:03'),
(40, 66, 1, 34, '2021-11-10 17:27:26', '2021-11-10 17:27:26'),
(41, 30, 1, 9, '2021-11-10 17:32:03', '2021-11-10 17:32:03'),
(42, 67, 1, 5.4, '2021-11-11 03:24:31', '2021-11-11 03:24:31'),
(43, 43, 1, 25, '2021-11-11 04:36:14', '2021-11-11 04:36:14'),
(44, 1, 15, 31.35, '2021-11-15 02:19:48', '2021-11-15 02:19:48'),
(45, 60, 1534, 62.86, '2021-11-15 03:42:24', '2021-11-15 03:42:24'),
(46, 60, 1534, 62.86, '2021-11-15 03:53:33', '2021-11-15 03:53:33'),
(47, 55, 618, 12.21, '2021-11-15 03:58:34', '2021-11-15 03:58:34'),
(48, 40, 1016, 22.33, '2021-11-15 03:59:36', '2021-11-15 03:59:36'),
(51, 6, 720, 21.56, '2021-11-16 20:59:44', '2021-11-16 20:59:44'),
(52, 3, 2, 15.5, '2021-11-16 21:00:44', '2021-11-16 21:00:44'),
(53, 4, 12, 16.8, '2021-11-16 22:22:46', '2021-11-16 22:22:46'),
(54, 4, 12, 16.8, '2021-11-16 22:27:07', '2021-11-16 22:27:07'),
(55, 4, 12, 16.9, '2021-11-16 22:28:01', '2021-11-16 22:28:01'),
(56, 4, 12, 16.8, '2021-11-16 22:33:26', '2021-11-16 22:33:26'),
(57, 56, 12, 15.6, '2021-11-16 22:34:38', '2021-11-16 22:34:38'),
(58, 3, 1000, 15.5, '2021-11-16 22:35:43', '2021-11-16 22:35:43'),
(59, 54, 5, 29, '2021-11-16 23:29:53', '2021-11-16 23:29:53'),
(60, 54, 5, 29, '2021-11-17 00:00:38', '2021-11-17 00:00:38'),
(61, 31, 400, 9.7, '2021-11-17 02:21:15', '2021-11-17 02:21:15'),
(62, 37, 400, 15.99, '2021-11-17 02:23:48', '2021-11-17 02:23:48'),
(63, 31, 400, 9.7, '2021-11-17 02:29:25', '2021-11-17 02:29:25'),
(64, 7, 266, 7.95, '2021-11-17 02:31:47', '2021-11-17 02:31:47'),
(65, 24, 1, 33.9, '2021-11-17 02:42:16', '2021-11-17 02:42:16'),
(66, 42, 1, 5, '2021-11-17 02:42:50', '2021-11-17 02:42:50'),
(67, 46, 1, 3.9, '2021-11-17 02:43:30', '2021-11-17 02:43:30'),
(68, 53, 1, 9, '2021-11-17 02:44:26', '2021-11-17 02:44:26'),
(69, 28, 30, 13, '2021-11-17 02:47:46', '2021-11-17 02:47:46'),
(70, 48, 1, 33, '2021-11-17 02:48:30', '2021-11-17 02:48:30'),
(71, 51, 1100, 29, '2021-11-17 03:36:39', '2021-11-17 03:36:39'),
(72, 41, 1, 1.5, '2021-11-17 03:47:10', '2021-11-17 03:47:10'),
(73, 38, 1, 51, '2021-11-17 04:11:04', '2021-11-17 04:11:04'),
(74, 47, 1, 11, '2021-11-17 04:35:59', '2021-11-17 04:35:59'),
(75, 44, 1, 60, '2021-11-17 04:39:43', '2021-11-17 04:39:43'),
(76, 50, 1, 5, '2021-11-17 04:42:28', '2021-11-17 04:42:28'),
(77, 29, 32, 71.95, '2021-11-17 20:58:12', '2021-11-17 20:58:12'),
(78, 17, 2500, 46.25, '2021-11-17 21:06:07', '2021-11-17 21:06:07'),
(79, 6, 1090, 32.65, '2021-11-17 21:07:55', '2021-11-17 21:07:55'),
(80, 7, 500, 7.48, '2021-11-17 21:08:59', '2021-11-17 21:08:59'),
(81, 4, 24, 33.6, '2021-11-17 21:09:36', '2021-11-17 21:09:36'),
(82, 2, 1, 6, '2021-11-17 21:18:17', '2021-11-17 21:18:17'),
(83, 59, 300, 4, '2021-11-17 21:36:53', '2021-11-17 21:36:53'),
(84, 58, 300, 13, '2021-11-17 21:42:47', '2021-11-17 21:42:47'),
(85, 53, 1, 9, '2021-11-17 22:58:13', '2021-11-17 22:58:13'),
(86, 53, 1000, 9, '2021-11-17 22:58:37', '2021-11-17 22:58:37'),
(87, 52, 1080, 20.25, '2021-11-18 03:32:00', '2021-11-18 03:32:00'),
(88, 4, 24, 33.6, '2021-11-18 21:08:14', '2021-11-18 21:08:14'),
(89, 66, 675, 22.92, '2021-11-18 21:09:36', '2021-11-18 21:09:36'),
(90, 43, 1036, 20.61, '2021-11-19 03:09:16', '2021-11-19 03:09:16'),
(91, 18, 2074, 55.89, '2021-11-19 03:10:50', '2021-11-19 03:10:50'),
(92, 5, 5000, 63.75, '2021-11-20 04:01:06', '2021-11-20 04:01:06'),
(93, 3, 1000, 15.5, '2021-11-20 04:01:29', '2021-11-20 04:01:29'),
(94, 41, 2, 2.5, '2021-11-22 04:34:14', '2021-11-22 04:34:14'),
(95, 56, 6, 7.8, '2021-11-22 04:34:39', '2021-11-22 04:34:39'),
(96, 6, 1000, 33.9, '2021-11-22 04:35:07', '2021-11-22 04:35:07'),
(97, 3, 1000, 15.5, '2021-11-22 04:35:55', '2021-11-22 04:35:55'),
(98, 4, 24, 26.4, '2021-11-22 04:36:31', '2021-11-22 04:36:31'),
(99, 39, 1252, 53.21, '2021-11-24 22:04:05', '2021-11-24 22:04:05'),
(100, 44, 1242, 53.21, '2021-11-24 22:04:37', '2021-11-24 22:04:37'),
(101, 44, 1242, 78.18, '2021-11-24 22:05:10', '2021-11-24 22:05:10'),
(102, 70, 2048, 67.48, '2021-11-24 22:05:46', '2021-11-24 22:05:46'),
(103, 45, 1054, 21.03, '2021-11-24 22:06:37', '2021-11-24 22:06:37'),
(104, 55, 3528, 50.27, '2021-11-24 22:07:04', '2021-11-24 22:07:04'),
(105, 6, 1060, 31.75, '2021-11-24 22:11:48', '2021-11-24 22:11:48'),
(106, 7, 535, 8, '2021-11-24 22:12:15', '2021-11-24 22:12:15'),
(107, 26, 1, 17.95, '2021-11-24 22:13:23', '2021-11-24 22:13:23'),
(108, 26, 3200, 17.95, '2021-11-24 22:15:00', '2021-11-24 22:15:00'),
(109, 16, 4285, 97.78, '2021-11-24 22:20:05', '2021-11-24 22:20:05'),
(110, 49, 16000, 135.84, '2021-11-24 22:56:35', '2021-11-24 22:56:35'),
(111, 47, 10000, 107.9, '2021-11-24 23:02:13', '2021-11-24 23:02:13'),
(112, 43, 5000, 79.9, '2021-11-24 23:03:03', '2021-11-24 23:03:03'),
(113, 40, 5000, 64.9, '2021-11-24 23:04:23', '2021-11-24 23:04:23'),
(114, 25, 3500, 18.45, '2021-11-27 23:00:44', '2021-11-27 23:00:44'),
(115, 56, 6, 7.8, '2021-12-02 20:54:43', '2021-12-02 20:54:43'),
(116, 5, 5000, 63.75, '2021-12-02 20:56:57', '2021-12-02 20:56:57'),
(117, 3, 1500, 23.25, '2021-12-02 20:57:50', '2021-12-02 20:57:50'),
(118, 27, 3000, 16.5, '2021-12-02 20:59:07', '2021-12-02 20:59:07'),
(119, 66, 565, 18.05, '2021-12-02 21:01:03', '2021-12-02 21:01:03'),
(120, 6, 795, 23.81, '2021-12-02 21:01:50', '2021-12-02 21:01:50'),
(121, 4, 12, 16.8, '2021-12-02 21:02:37', '2021-12-02 21:02:37'),
(122, 49, 12000, 105.54, '2021-12-03 21:26:48', '2021-12-03 21:26:48'),
(123, 4, 24, 33.6, '2021-12-03 21:45:09', '2021-12-03 21:45:09'),
(124, 56, 6, 7.8, '2021-12-03 21:45:42', '2021-12-03 21:45:42'),
(125, 6, 725, 21.71, '2021-12-03 21:46:15', '2021-12-03 21:46:15'),
(126, 70, 1948, 42.37, '2021-12-03 23:54:44', '2021-12-03 23:54:44'),
(127, 16, 186, 5.02, '2021-12-03 23:55:17', '2021-12-03 23:55:17'),
(129, 18, 1710, 46.08, '2021-12-04 00:08:29', '2021-12-04 00:08:29'),
(130, 39, 1062, 45.14, '2021-12-05 22:02:41', '2021-12-05 22:02:41'),
(131, 48, 5000, 165, '2021-12-07 05:13:47', '2021-12-07 05:13:47'),
(132, 4, 24, 16.8, '2021-12-10 02:48:43', '2021-12-10 02:48:43'),
(133, 56, 6, 7.8, '2021-12-10 02:49:08', '2021-12-10 02:49:08'),
(134, 6, 1065, 31.9, '2021-12-10 02:49:31', '2021-12-10 02:49:31'),
(135, 7, 535, 8, '2021-12-10 02:49:50', '2021-12-10 02:49:50'),
(137, 31, 400, 9.9, '2021-12-10 02:51:19', '2021-12-10 02:51:19'),
(138, 4, 24, 33.6, '2021-12-11 01:04:09', '2021-12-11 01:04:09'),
(139, 56, 6, 7.8, '2021-12-11 01:04:36', '2021-12-11 01:04:36'),
(140, 25, 3200, 12.75, '2021-12-11 01:05:03', '2021-12-11 01:05:03'),
(141, 26, 3200, 12.75, '2021-12-11 01:05:37', '2021-12-11 01:05:37'),
(142, 3, 1000, 15.5, '2021-12-11 01:07:38', '2021-12-11 01:07:38'),
(143, 70, 1370, 29.8, '2021-12-11 01:09:42', '2021-12-11 01:09:42'),
(144, 18, 2162, 43.02, '2021-12-11 01:11:06', '2021-12-11 01:11:06'),
(145, 52, 1478, 17.59, '2021-12-11 01:11:38', '2021-12-11 01:11:38'),
(146, 43, 1198, 26.34, '2021-12-16 17:21:53', '2021-12-16 17:21:53'),
(147, 4, 24, 33.6, '2021-12-16 17:23:36', '2021-12-16 17:23:36'),
(148, 56, 6, 7.8, '2021-12-16 17:23:56', '2021-12-16 17:23:56'),
(149, 6, 1025, 30.7, '2021-12-16 17:24:18', '2021-12-16 17:24:18'),
(150, 7, 485, 7.25, '2021-12-16 17:24:39', '2021-12-16 17:24:39'),
(151, 3, 1000, 15.5, '2021-12-16 17:25:16', '2021-12-16 17:25:16'),
(152, 27, 3000, 16.5, '2021-12-16 17:25:46', '2021-12-16 17:25:46'),
(153, 43, 982, 19.53, '2021-12-17 18:38:23', '2021-12-17 18:38:23'),
(155, 51, 2200, 57.9, '2021-12-17 18:39:36', '2021-12-17 18:39:36'),
(156, 49, 12000, 105.72, '2021-12-17 18:44:23', '2021-12-17 18:44:23'),
(157, 17, 2500, 39.87, '2021-12-17 18:45:41', '2021-12-17 18:45:41'),
(158, 38, 1684, 116.11, '2021-12-17 21:48:15', '2021-12-17 21:48:15'),
(159, 70, 1012, 33.35, '2021-12-17 21:49:07', '2021-12-17 21:49:07'),
(160, 18, 2146, 53.54, '2021-12-18 18:20:52', '2021-12-18 18:20:52'),
(161, 39, 974, 41.78, '2021-12-20 02:12:33', '2021-12-20 02:12:33'),
(162, 4, 12, 16.8, '2021-12-21 02:10:30', '2021-12-21 02:10:30'),
(163, 41, 2, 2.5, '2021-12-21 02:11:12', '2021-12-21 02:11:12'),
(164, 56, 8, 10.4, '2021-12-21 02:11:31', '2021-12-21 02:11:31'),
(165, 7, 520, 7.77, '2021-12-21 02:11:58', '2021-12-21 02:11:58'),
(166, 6, 1205, 36.09, '2021-12-21 02:12:28', '2021-12-21 02:12:28'),
(167, 71, 360, 12.22, '2021-12-21 02:13:39', '2021-12-21 02:13:39'),
(168, 4, 12, 16.8, '2021-12-24 00:56:07', '2021-12-24 00:56:07'),
(169, 4, 12, 16.8, '2021-12-24 00:56:32', '2021-12-24 00:56:32'),
(170, 41, 2, 2.5, '2021-12-24 00:57:01', '2021-12-24 00:57:01'),
(171, 56, 6, 7.8, '2021-12-24 00:57:25', '2021-12-24 00:57:25'),
(172, 3, 1000, 15.5, '2021-12-24 00:57:48', '2021-12-24 00:57:48'),
(173, 7, 505, 7.55, '2021-12-24 00:58:20', '2021-12-24 00:58:20'),
(174, 6, 680, 20.37, '2021-12-24 00:59:16', '2021-12-24 00:59:16'),
(175, 6, 535, 17.09, '2021-12-24 00:59:43', '2021-12-24 00:59:43'),
(176, 6, 720, 20.84, '2021-12-24 01:01:02', '2021-12-24 01:01:02'),
(177, 7, 500, 7.48, '2021-12-24 01:01:18', '2021-12-24 01:01:18'),
(178, 37, 535, 36, '2021-12-24 01:08:39', '2021-12-24 01:08:39'),
(179, 6, 1020, 30.55, '2022-01-04 22:26:19', '2022-01-04 22:26:19'),
(180, 4, 24, 33.6, '2022-01-04 22:27:37', '2022-01-04 22:27:37'),
(181, 41, 3, 3.75, '2022-01-04 22:28:02', '2022-01-04 22:28:02'),
(182, 24, 1000, 24.95, '2022-01-04 22:28:36', '2022-01-04 22:28:36'),
(183, 3, 1000, 15.9, '2022-01-04 22:29:00', '2022-01-04 22:29:00'),
(184, 6, 720, 20.84, '2022-01-04 22:29:48', '2022-01-04 22:29:48'),
(185, 7, 505, 6.82, '2022-01-04 22:30:16', '2022-01-04 22:30:16'),
(186, 4, 24, 1.4, '2022-01-04 22:30:51', '2022-01-04 22:30:51'),
(187, 66, 610, 19.49, '2022-01-04 22:31:54', '2022-01-04 22:31:54'),
(188, 30, 1775, 10.1, '2022-01-04 22:33:53', '2022-01-04 22:33:53'),
(189, 53, 1000, 7.6, '2022-01-04 22:34:45', '2022-01-04 22:34:45'),
(190, 28, 24, 13, '2022-01-04 22:35:33', '2022-01-04 22:35:33'),
(191, 43, 1526, 33.56, '2022-01-04 22:36:15', '2022-01-04 22:36:15'),
(192, 54, 5000, 20.98, '2022-01-04 22:36:53', '2022-01-04 22:36:53'),
(193, 40, 1022, 22.46, '2022-01-05 00:27:08', '2022-01-05 00:27:08'),
(194, 72, 1098, 21.94, '2022-01-05 00:28:05', '2022-01-05 00:28:05'),
(195, 4, 12, 16.8, '2022-01-06 02:27:00', '2022-01-06 02:27:00'),
(196, 25, 3500, 17.95, '2022-01-06 02:27:34', '2022-01-06 02:27:34'),
(197, 26, 3200, 12.75, '2022-01-06 02:27:57', '2022-01-06 02:27:57'),
(198, 5, 1032, 13.92, '2022-01-08 04:48:14', '2022-01-08 04:48:14'),
(199, 4, 24, 33.6, '2022-01-08 04:48:59', '2022-01-08 04:48:59'),
(200, 56, 12, 15.6, '2022-01-08 04:49:27', '2022-01-08 04:49:27'),
(201, 3, 1000, 15.9, '2022-01-08 04:49:51', '2022-01-08 04:49:51'),
(202, 6, 1435, 41.5, '2022-01-08 04:50:31', '2022-01-08 04:50:31'),
(203, 43, 1000, 20, '2022-01-11 23:27:34', '2022-01-11 23:27:34'),
(204, 4, 24, 33.6, '2022-01-11 23:28:03', '2022-01-11 23:28:03'),
(205, 41, 4, 5, '2022-01-11 23:28:32', '2022-01-11 23:28:32'),
(206, 3, 1000, 15.9, '2022-01-11 23:28:49', '2022-01-11 23:28:49'),
(207, 16, 2780, 69.36, '2022-01-11 23:29:19', '2022-01-11 23:29:19'),
(208, 6, 1105, 31.99, '2022-01-11 23:29:57', '2022-01-11 23:29:57'),
(209, 7, 490, 7.33, '2022-01-11 23:30:21', '2022-01-11 23:30:21'),
(210, 70, 2610, 65.9, '2022-01-13 03:02:50', '2022-01-13 03:02:50'),
(211, 6, 644, 28.33, '2022-01-15 04:20:50', '2022-01-15 04:20:50'),
(212, 37, 400, 15.99, '2022-01-15 04:21:53', '2022-01-15 04:21:53'),
(213, 7, 518, 9.79, '2022-01-15 04:22:58', '2022-01-15 04:22:58'),
(214, 70, 1036, 24.81, '2022-01-20 20:47:58', '2022-01-20 20:47:58'),
(215, 18, 1016, 27.38, '2022-01-20 20:48:28', '2022-01-20 20:48:28'),
(216, 52, 1030, 17.4, '2022-01-20 20:48:49', '2022-01-20 20:48:49'),
(217, 4, 12, 16.8, '2022-01-20 21:20:38', '2022-01-20 21:20:38'),
(218, 56, 6, 15.9, '2022-01-20 21:21:02', '2022-01-20 21:21:02'),
(219, 6, 1110, 33.24, '2022-01-20 21:21:42', '2022-01-20 21:21:42'),
(220, 3, 1000, 15.9, '2022-01-20 21:22:52', '2022-01-20 21:22:52'),
(221, 4, 12, 16.8, '2022-01-23 02:17:35', '2022-01-23 02:17:35'),
(222, 6, 1050, 30.4, '2022-01-23 02:31:17', '2022-01-23 02:31:17'),
(223, 4, 12, 16.2, '2022-01-23 02:31:42', '2022-01-23 02:31:42'),
(224, 56, 6, 7.8, '2022-01-23 02:32:06', '2022-01-23 02:32:06'),
(225, 27, 3000, 17.95, '2022-01-23 02:32:46', '2022-01-23 02:32:46'),
(226, 16, 5470, 115.96, '2022-01-23 03:14:07', '2022-01-23 03:14:07'),
(227, 49, 20000, 179.5, '2022-01-23 03:18:05', '2022-01-23 03:18:05'),
(228, 17, 2500, 39.87, '2022-01-23 03:19:38', '2022-01-23 03:19:38'),
(229, 39, 564, 22.42, '2022-01-23 03:23:18', '2022-01-23 03:23:18'),
(230, 70, 1388, 33.24, '2022-01-23 03:24:17', '2022-01-23 03:24:17'),
(231, 37, 400, 15.99, '2022-01-27 01:33:51', '2022-01-27 01:33:51'),
(232, 31, 400, 10.5, '2022-01-27 01:34:47', '2022-01-27 01:34:47'),
(233, 4, 12, 16.8, '2022-01-27 01:35:45', '2022-01-27 01:35:45'),
(234, 4, 12, 16.8, '2022-01-27 01:36:11', '2022-01-27 01:36:11'),
(235, 41, 3, 3.75, '2022-01-27 01:36:36', '2022-01-27 01:36:36'),
(236, 4, 24, 33.6, '2022-01-27 01:37:39', '2022-01-27 01:37:39'),
(237, 56, 8, 10.4, '2022-01-27 01:38:00', '2022-01-27 01:38:00'),
(238, 5, 5000, 59.75, '2022-01-27 01:38:28', '2022-01-27 01:38:28'),
(239, 6, 1035, 31, '2022-01-27 01:39:15', '2022-01-27 01:39:15'),
(240, 7, 485, 7.25, '2022-01-27 01:39:59', '2022-01-27 01:39:59'),
(241, 66, 585, 19.86, '2022-01-27 01:40:35', '2022-01-27 01:40:35'),
(242, 70, 1124, 37, '2022-01-27 01:43:41', '2022-01-27 01:43:41'),
(243, 43, 546, 10.86, '2022-01-27 01:44:28', '2022-01-27 01:44:28'),
(244, 3, 1500, 23, '2022-01-28 02:54:58', '2022-01-28 02:54:58'),
(245, 44, 1040, 72.28, '2022-01-28 02:57:12', '2022-01-28 02:57:12'),
(246, 47, 1266, 21.84, '2022-01-28 02:58:03', '2022-01-28 02:58:03'),
(247, 39, 668, 28.04, '2022-01-28 02:58:34', '2022-01-28 02:58:34'),
(248, 52, 1248, 21.15, '2022-01-28 02:59:02', '2022-01-28 02:59:02'),
(249, 43, 1380, 30.35, '2022-01-28 03:11:00', '2022-01-28 03:11:00'),
(250, 4, 12, 16.8, '2022-01-28 21:04:37', '2022-01-28 21:04:37'),
(251, 6, 720, 26.6, '2022-01-28 21:05:03', '2022-01-28 21:05:03'),
(252, 70, 1384, 33.15, '2022-01-29 04:28:57', '2022-01-29 04:28:57'),
(253, 18, 1110, 29.91, '2022-01-30 03:48:32', '2022-01-30 03:48:32'),
(254, 43, 1078, 21.44, '2022-01-30 03:49:11', '2022-01-30 03:49:11'),
(255, 4, 12, 16.8, '2022-01-30 03:50:58', '2022-01-30 03:50:58'),
(256, 41, 2, 2.5, '2022-01-30 03:51:21', '2022-01-30 03:51:21'),
(257, 29, 32, 73.95, '2022-01-30 03:52:03', '2022-01-30 03:52:03'),
(258, 17, 2500, 55, '2022-01-30 03:57:31', '2022-01-30 03:57:31'),
(259, 4, 12, 16.8, '2022-02-02 03:39:48', '2022-02-02 03:39:48'),
(260, 6, 1060, 31.75, '2022-02-02 03:40:14', '2022-02-02 03:40:14'),
(261, 25, 3500, 17.95, '2022-02-02 03:41:14', '2022-02-02 03:41:14'),
(262, 26, 3200, 12.75, '2022-02-02 03:41:37', '2022-02-02 03:41:37'),
(263, 70, 1004, 33.08, '2022-02-02 03:44:27', '2022-02-02 03:44:27'),
(264, 39, 1082, 45.42, '2022-02-06 18:06:24', '2022-02-06 18:06:24'),
(265, 52, 1018, 15.22, '2022-02-06 18:07:28', '2022-02-06 18:07:28'),
(266, 70, 2794, 64.12, '2022-02-06 18:09:40', '2022-02-06 18:09:40'),
(267, 70, 1924, 46.08, '2022-02-12 23:32:36', '2022-02-12 23:32:36'),
(268, 4, 12, 16.8, '2022-02-12 23:33:15', '2022-02-12 23:33:15'),
(269, 56, 6, 7.8, '2022-02-12 23:33:40', '2022-02-12 23:33:40'),
(270, 4, 12, 16.8, '2022-02-12 23:35:23', '2022-02-12 23:35:23'),
(271, 7, 485, 7.05, '2022-02-12 23:36:07', '2022-02-12 23:36:07'),
(272, 6, 1060, 31.75, '2022-02-12 23:36:30', '2022-02-12 23:36:30'),
(273, 4, 24, 33.6, '2022-02-12 23:37:02', '2022-02-12 23:37:02'),
(274, 56, 8, 10.4, '2022-02-12 23:37:26', '2022-02-12 23:37:26'),
(275, 3, 1000, 15.9, '2022-02-12 23:38:16', '2022-02-12 23:38:16'),
(276, 5, 3000, 30, '2022-02-12 23:39:06', '2022-02-12 23:39:06'),
(277, 18, 1052, 27.3, '2022-02-18 02:58:45', '2022-02-18 02:58:45'),
(278, 4, 12, 16.8, '2022-02-18 02:59:13', '2022-02-18 02:59:13'),
(279, 41, 3, 3.75, '2022-02-18 02:59:46', '2022-02-18 02:59:46'),
(280, 6, 1040, 30.11, '2022-02-18 03:00:11', '2022-02-18 03:00:11'),
(281, 7, 485, 7.25, '2022-02-18 03:00:40', '2022-02-18 03:00:40'),
(282, 5, 988, 16.9, '2022-02-18 03:01:17', '2022-02-18 03:01:17'),
(283, 31, 400, 15.9, '2022-02-18 03:01:56', '2022-02-18 03:01:56'),
(284, 4, 12, 16.8, '2022-02-18 03:07:43', '2022-02-18 03:07:43'),
(285, 41, 5, 6.25, '2022-02-18 03:08:08', '2022-02-18 03:08:08'),
(286, 56, 8, 10.4, '2022-02-18 03:08:32', '2022-02-18 03:08:32'),
(287, 70, 1314, 29.11, '2022-02-24 21:36:40', '2022-02-24 21:36:40'),
(288, 18, 1038, 26.94, '2022-02-24 21:37:05', '2022-02-24 21:37:05'),
(289, 43, 986, 19.61, '2022-02-24 21:37:45', '2022-02-24 21:37:45'),
(290, 5, 1000, 10, '2022-02-28 23:30:13', '2022-02-28 23:30:13'),
(291, 70, 1544, 80.87, '2022-02-28 23:30:39', '2022-02-28 23:30:39'),
(292, 70, 1000, 32, '2022-03-02 01:08:01', '2022-03-02 01:08:01'),
(293, 60, 1000, 42, '2022-03-02 01:08:29', '2022-03-02 01:08:29'),
(294, 18, 3072, 82.79, '2022-03-05 23:58:21', '2022-03-05 23:58:21'),
(295, 70, 2996, 71.75, '2022-03-05 23:59:05', '2022-03-05 23:59:05'),
(296, 18, 3000, 84, '2022-04-02 03:57:45', '2022-04-02 03:57:45'),
(297, 29, 32, 74.95, '2022-04-02 04:02:06', '2022-04-02 04:02:06'),
(298, 5, 5000, 57.5, '2022-04-02 04:02:48', '2022-04-02 04:02:48'),
(299, 4, 12, 16.8, '2022-04-02 04:03:39', '2022-04-02 04:03:39'),
(300, 18, 1992, 55.68, '2022-04-18 01:37:40', '2022-04-18 01:37:40'),
(301, 18, 2000, 60, '2022-05-16 01:21:16', '2022-05-16 01:21:16'),
(302, 39, 1000, 50, '2022-05-25 03:18:51', '2022-05-25 03:18:51'),
(303, 16, 1000, 17, '2022-05-25 03:22:35', '2022-05-25 03:22:35'),
(304, 24, 1000, 30, '2022-05-25 03:23:12', '2022-05-25 03:23:12'),
(305, 49, 1000, 12, '2022-05-25 03:25:07', '2022-05-25 03:25:07'),
(306, 3, 500, 9, '2022-05-25 03:26:01', '2022-05-25 03:26:01'),
(307, 17, 2500, 40, '2022-05-25 03:26:52', '2022-05-25 03:26:52'),
(308, 66, 1000, 35, '2022-05-25 03:28:24', '2022-05-25 03:28:24'),
(309, 51, 1000, 30, '2022-05-25 03:29:24', '2022-05-25 03:29:24'),
(310, 43, 1000, 20, '2022-05-25 03:30:07', '2022-05-25 03:30:07'),
(311, 29, 1, 2.5, '2022-05-25 03:32:03', '2022-05-25 03:32:03'),
(312, 1, 1, 3, '2022-05-25 03:33:06', '2022-05-25 03:33:06'),
(313, 6, 1000, 40, '2022-05-25 03:33:49', '2022-05-25 03:33:49'),
(314, 56, 1, 1.7, '2022-05-25 03:34:43', '2022-05-25 03:34:43'),
(315, 4, 1, 1.7, '2022-05-25 03:35:09', '2022-05-25 03:35:09'),
(316, 7, 1000, 16, '2022-05-25 03:35:56', '2022-05-25 03:35:56'),
(317, 71, 1000, 35, '2022-05-25 03:36:36', '2022-05-25 03:36:36'),
(318, 5, 1000, 15, '2022-05-25 03:37:36', '2022-05-25 03:37:36'),
(319, 30, 1000, 12, '2022-05-25 03:38:14', '2022-05-25 03:38:14'),
(320, 2, 1, 7, '2022-05-25 03:39:30', '2022-05-25 03:39:30'),
(321, 25, 3500, 20, '2022-05-25 03:41:57', '2022-05-25 03:41:57'),
(322, 26, 3200, 14, '2022-05-25 03:42:26', '2022-05-25 03:42:26'),
(323, 27, 3000, 14, '2022-05-25 03:43:18', '2022-05-25 03:43:18'),
(324, 27, 3000, 19, '2022-05-25 03:44:49', '2022-05-25 03:44:49'),
(325, 44, 1000, 70, '2022-05-25 04:07:00', '2022-05-25 04:07:00'),
(326, 48, 1000, 35, '2022-05-25 04:08:25', '2022-05-25 04:08:25'),
(327, 42, 1000, 6, '2022-05-25 04:10:53', '2022-05-25 04:10:53'),
(328, 73, 1, 0.5, '2022-05-25 04:29:57', '2022-05-25 04:29:57'),
(329, 70, 1000, 35, '2022-05-27 02:40:55', '2022-05-27 02:40:55'),
(330, 44, 1000, 70, '2022-05-27 02:42:15', '2022-05-27 02:42:15'),
(331, 55, 1000, 13, '2022-05-27 02:47:12', '2022-05-27 02:47:12'),
(332, 18, 3000, 84, '2022-06-23 01:36:43', '2022-06-23 01:36:43'),
(333, 70, 2982, 98.26, '2022-06-23 03:35:16', '2022-06-23 03:35:16'),
(335, 18, 5012, 115, '2024-02-16 04:18:48', '2024-02-16 04:18:48'),
(336, 49, 12500, 180, '2024-02-17 00:56:07', '2024-02-17 00:56:07'),
(337, 67, 3, 24, '2024-02-17 03:14:52', '2024-02-17 03:14:52'),
(338, 4, 12, 19.8, '2024-02-17 03:27:54', '2024-02-17 03:27:54'),
(339, 56, 15, 22.5, '2024-02-17 03:29:35', '2024-02-17 03:29:35'),
(340, 7, 715, 15.37, '2024-02-17 03:32:29', '2024-02-17 03:32:29'),
(341, 66, 2870, 103.18, '2024-02-17 03:33:32', '2024-02-17 03:33:32'),
(342, 17, 2095, 48.08, '2024-02-17 03:34:16', '2024-02-17 03:34:16'),
(343, 27, 3000, 23.5, '2024-02-17 03:37:31', '2024-02-17 03:37:31'),
(344, 25, 3500, 19.95, '2024-02-18 02:49:48', '2024-02-18 02:49:48'),
(345, 6, 990, 31.5, '2024-02-18 03:01:01', '2024-02-18 03:01:01'),
(346, 7, 652, 12.71, '2024-02-21 01:12:58', '2024-02-21 01:12:58'),
(347, 17, 2170, 56.31, '2024-02-21 01:13:53', '2024-02-21 01:13:53'),
(348, 31, 400, 12.99, '2024-02-21 01:14:54', '2024-02-21 01:14:54'),
(349, 56, 10, 15, '2024-02-22 01:00:24', '2024-02-22 01:00:24'),
(350, 26, 3200, 15.95, '2024-02-22 01:00:57', '2024-02-22 01:00:57'),
(351, 18, 5108, 117.23, '2024-02-22 01:01:37', '2024-02-22 01:01:37'),
(352, 67, 6, 53.94, '2024-02-24 03:09:39', '2024-02-24 03:09:39'),
(353, 7, 622, 12.12, '2024-02-24 03:11:01', '2024-02-24 03:11:01'),
(354, 6, 650, 21.77, '2024-02-24 03:11:28', '2024-02-24 03:11:28'),
(355, 3, 250, 16.25, '2024-02-24 03:12:58', '2024-02-24 03:12:58'),
(356, 2, 3, 8.1, '2024-02-24 03:17:10', '2024-02-24 03:17:10'),
(357, 4, 12, 19.8, '2024-02-24 03:18:02', '2024-02-24 03:18:02'),
(358, 4, 24, 39.6, '2024-02-24 03:20:15', '2024-02-24 03:20:15'),
(360, 3, 1000, 35, '2024-02-24 03:24:34', '2024-02-24 03:24:34'),
(361, 75, 1, 10, '2024-02-24 03:50:12', '2024-02-24 03:50:12'),
(362, 37, 400, 20.7, '2024-02-26 01:00:16', '2024-02-26 01:00:16'),
(363, 6, 1986, 66.53, '2024-02-29 04:52:11', '2024-02-29 04:52:11'),
(364, 4, 12, 19.8, '2024-03-02 01:22:19', '2024-03-02 01:22:19'),
(365, 56, 12, 18, '2024-03-02 01:22:38', '2024-03-02 01:22:38'),
(366, 25, 3500, 23.95, '2024-03-02 01:23:11', '2024-03-02 01:23:11'),
(369, 76, 21600, 132, '2024-03-02 03:27:26', '2024-03-02 03:27:26'),
(370, 77, 1000, 20, '2024-03-02 03:34:21', '2024-03-02 03:34:21'),
(371, 78, 500, 6, '2024-03-02 04:01:27', '2024-03-02 04:01:27'),
(372, 67, 1, 5, '2024-03-02 04:28:38', '2024-03-02 04:28:38'),
(376, 2, 5, 13.5, '2024-03-03 02:32:09', '2024-03-03 02:32:09'),
(377, 79, 1, 3.99, '2024-03-03 23:22:46', '2024-03-03 23:22:46'),
(378, 1, 10, 34.5, '2024-03-04 00:30:52', '2024-03-04 00:30:52'),
(379, 2, 1, 2.8, '2024-03-04 00:38:29', '2024-03-04 00:38:29'),
(380, 1, 1, 3.45, '2024-03-04 00:42:55', '2024-03-04 00:42:55'),
(381, 1, 10, 34.5, '2024-03-04 00:46:31', '2024-03-04 00:46:31'),
(382, 56, 6, 9, '2024-03-04 03:00:55', '2024-03-04 03:00:55'),
(383, 2, 5, 13.5, '2024-03-04 03:04:56', '2024-03-04 03:04:56'),
(384, 43, 2998, 53.66, '2024-03-06 01:20:13', '2024-03-06 01:20:13'),
(385, 46, 1155, 9.7, '2024-03-06 01:21:18', '2024-03-06 01:21:18'),
(386, 67, 4, 4.45, '2024-03-06 01:22:35', '2024-03-06 01:22:35'),
(387, 18, 5106, 105.95, '2024-03-06 01:33:41', '2024-03-06 01:33:41'),
(388, 16, 572, 21.02, '2024-03-06 01:35:33', '2024-03-06 01:35:33'),
(389, 80, 1000, 5, '2024-03-06 01:45:25', '2024-03-06 01:45:25'),
(390, 83, 5678, 137, '2024-03-06 01:54:04', '2024-03-06 01:54:04'),
(391, 67, 4, 22, '2024-03-06 02:44:41', '2024-03-06 02:44:41'),
(392, 81, 1000, 6, '2024-03-06 02:48:16', '2024-03-06 02:48:16'),
(393, 71, 150, 9.7, '2024-03-07 02:54:16', '2024-03-07 02:54:16'),
(394, 2, 6, 16.2, '2024-03-07 02:57:31', '2024-03-07 02:57:31'),
(395, 17, 2005, 52.03, '2024-03-07 23:51:15', '2024-03-07 23:51:15'),
(396, 56, 12, 18, '2024-03-07 23:51:50', '2024-03-07 23:51:50'),
(398, 57, 618, 25.89, '2024-03-08 01:16:31', '2024-03-08 01:16:31'),
(399, 82, 1000, 22.5, '2024-03-08 01:30:17', '2024-03-08 01:30:17'),
(400, 5, 5000, 54.75, '2024-03-08 23:13:26', '2024-03-08 23:13:26'),
(401, 66, 580, 20.85, '2024-03-08 23:13:59', '2024-03-08 23:13:59'),
(402, 6, 918, 30.75, '2024-03-10 18:32:36', '2024-03-10 18:32:36'),
(403, 57, 1056, 35.37, '2024-03-10 18:33:16', '2024-03-10 18:33:16'),
(404, 7, 736, 14.35, '2024-03-10 18:34:06', '2024-03-10 18:34:06'),
(405, 4, 12, 19.8, '2024-03-11 01:37:04', '2024-03-11 01:37:04'),
(406, 56, 20, 30, '2024-03-11 01:37:31', '2024-03-11 01:37:31'),
(407, 66, 530, 20.11, '2024-03-11 01:38:16', '2024-03-11 01:38:16'),
(408, 30, 985, 9.15, '2024-03-11 01:40:43', '2024-03-11 01:40:43'),
(409, 46, 1215, 10.69, '2024-03-11 01:41:35', '2024-03-11 01:41:35'),
(410, 2, 5, 13.5, '2024-03-11 01:42:09', '2024-03-11 01:42:09'),
(411, 4, 12, 19.8, '2024-03-12 22:13:39', '2024-03-12 22:13:39'),
(412, 56, 6, 9, '2024-03-12 22:14:04', '2024-03-12 22:14:04'),
(413, 43, 3360, 60.14, '2024-03-12 22:19:52', '2024-03-12 22:19:52'),
(414, 66, 1130, 42.88, '2024-03-14 00:45:55', '2024-03-14 00:45:55'),
(415, 56, 6, 9, '2024-03-14 00:46:48', '2024-03-14 00:46:48'),
(416, 2, 3, 8.1, '2024-03-14 00:47:32', '2024-03-14 00:47:32'),
(417, 6, 1014, 33.96, '2024-03-14 00:48:35', '2024-03-14 00:48:35'),
(418, 7, 420, 8.19, '2024-03-14 00:48:56', '2024-03-14 00:48:56'),
(419, 2, 3, 8.1, '2024-03-20 00:49:52', '2024-03-20 00:49:52'),
(420, 31, 400, 12.99, '2024-03-20 00:50:49', '2024-03-20 00:50:49'),
(421, 30, 1055, 8.86, '2024-03-20 00:51:46', '2024-03-20 00:51:46'),
(422, 43, 2986, 53.44, '2024-03-20 00:53:17', '2024-03-20 00:53:17'),
(423, 57, 1084, 36.31, '2024-03-20 00:57:42', '2024-03-20 00:57:42'),
(424, 6, 1110, 37.18, '2024-03-20 00:58:25', '2024-03-20 00:58:25'),
(425, 7, 590, 11.5, '2024-03-20 00:59:16', '2024-03-20 00:59:16'),
(426, 86, 1, 3, '2024-03-21 03:21:06', '2024-03-21 03:21:06'),
(427, 86, 1, 3.2, '2024-03-21 04:16:00', '2024-03-21 04:16:00'),
(428, 86, 1, 1.6, '2024-03-21 04:21:06', '2024-03-21 04:21:06'),
(429, 30, 1562, 7.17, '2024-03-23 02:09:34', '2024-03-23 02:09:34'),
(430, 30, 900, 7.56, '2024-03-23 02:10:18', '2024-03-23 02:10:18'),
(431, 25, 3400, 13.95, '2024-03-23 02:12:08', '2024-03-23 02:12:08'),
(432, 4, 12, 19.8, '2024-03-23 02:12:49', '2024-03-23 02:12:49'),
(433, 26, 3200, 15.95, '2024-03-23 02:13:34', '2024-03-23 02:13:34'),
(434, 4, 12, 19.8, '2024-03-23 02:14:18', '2024-03-23 02:14:18'),
(435, 56, 6, 9, '2024-03-23 02:14:56', '2024-03-23 02:14:56');

-- --------------------------------------------------------

--
-- Estrutura para tabela `entrada_acessorio`
--

CREATE TABLE `entrada_acessorio` (
  `id` bigint(20) UNSIGNED NOT NULL,
  `id_acessorio` int(10) UNSIGNED NOT NULL,
  `qtd` int(11) NOT NULL,
  `valor_total` double(8,2) NOT NULL,
  `created_at` timestamp NULL DEFAULT NULL,
  `updated_at` timestamp NULL DEFAULT NULL
) ENGINE=InnoDB DEFAULT CHARSET=utf8mb4 COLLATE=utf8mb4_unicode_ci;

--
-- Despejando dados para a tabela `entrada_acessorio`
--

INSERT INTO `entrada_acessorio` (`id`, `id_acessorio`, `qtd`, `valor_total`, `created_at`, `updated_at`) VALUES
(1, 1, 1000, 6.00, '2021-11-04 04:24:00', '2021-11-04 04:24:00'),
(2, 1, 1000, 6.00, '2021-11-04 04:24:50', '2021-11-04 04:24:50'),
(3, 1, 1000, 6.00, '2021-11-04 04:25:11', '2021-11-04 04:25:11'),
(4, 1, 1000, 6.00, '2021-11-04 04:26:25', '2021-11-04 04:26:25'),
(5, 1, 1000, 7.00, '2021-11-04 04:30:14', '2021-11-04 04:30:14'),
(6, 2, 40, 50.00, '2021-11-04 04:31:22', '2021-11-04 04:31:22'),
(7, 3, 1000, 70.00, '2021-11-04 15:32:39', '2021-11-04 15:32:39'),
(8, 4, 90, 16.50, '2021-11-04 22:49:06', '2021-11-04 22:49:06'),
(9, 9, 197, 12.95, '2021-11-08 21:29:23', '2021-11-08 21:29:23'),
(10, 10, 195, 11.00, '2021-11-08 21:29:38', '2021-11-08 21:29:38'),
(11, 11, 195, 12.00, '2021-11-08 21:29:59', '2021-11-08 21:29:59'),
(12, 12, 195, 10.00, '2021-11-08 21:30:16', '2021-11-08 21:30:16'),
(13, 9, 192, 12.95, '2021-11-09 21:47:10', '2021-11-09 21:47:10'),
(14, 11, 192, 13.95, '2021-11-09 21:48:33', '2021-11-09 21:48:33'),
(15, 3, 400, 28.90, '2021-11-15 02:26:15', '2021-11-15 02:26:15'),
(16, 14, 100, 5.90, '2021-11-15 02:31:43', '2021-11-15 02:31:43'),
(17, 15, 50, 3.80, '2021-11-15 02:33:58', '2021-11-15 02:33:58'),
(18, 16, 100, 6.90, '2021-11-15 02:36:40', '2021-11-15 02:36:40'),
(19, 17, 50, 14.90, '2021-11-15 02:37:56', '2021-11-15 02:37:56'),
(20, 18, 20, 7.00, '2021-11-15 02:41:25', '2021-11-15 02:41:25'),
(21, 19, 20, 8.40, '2021-11-15 02:41:57', '2021-11-15 02:41:57'),
(22, 20, 100, 57.00, '2021-11-15 04:08:12', '2021-11-15 04:08:12'),
(23, 15, 50, 3.80, '2021-11-18 21:05:23', '2021-11-18 21:05:23'),
(24, 12, 150, 10.95, '2021-11-18 21:10:14', '2021-11-18 21:10:14'),
(25, 21, 25, 45.90, '2021-11-19 03:21:17', '2021-11-19 03:21:17'),
(26, 1, 317, 29.90, '2021-11-20 20:08:12', '2021-11-20 20:08:12'),
(27, 9, 192, 12.95, '2021-11-24 22:15:55', '2021-11-24 22:15:55'),
(28, 12, 150, 10.95, '2021-11-24 22:16:23', '2021-11-24 22:16:23'),
(29, 22, 50, 24.90, '2021-11-27 22:58:07', '2021-11-27 22:58:07'),
(30, 16, 100, 6.90, '2021-11-27 22:59:11', '2021-11-27 22:59:11'),
(31, 18, 20, 7.00, '2021-12-07 04:57:45', '2021-12-07 04:57:45'),
(32, 21, 25, 45.90, '2021-12-07 04:59:05', '2021-12-07 04:59:05'),
(33, 16, 100, 6.90, '2021-12-07 05:01:39', '2021-12-07 05:01:39'),
(34, 11, 192, 13.95, '2021-12-11 01:08:30', '2021-12-11 01:08:30'),
(35, 23, 50, 8.90, '2021-12-21 17:44:22', '2021-12-21 17:44:22'),
(36, 18, 30, 10.50, '2021-12-24 01:10:28', '2021-12-24 01:10:28'),
(37, 19, 30, 12.60, '2021-12-24 01:10:44', '2021-12-24 01:10:44'),
(38, 1, 100, 30.90, '2021-12-24 01:11:19', '2021-12-24 01:11:19'),
(39, 15, 50, 3.80, '2021-12-24 01:11:54', '2021-12-24 01:11:54'),
(40, 1, 317, 29.90, '2021-12-24 01:13:46', '2021-12-24 01:13:46'),
(41, 22, 100, 30.90, '2021-12-24 01:14:09', '2021-12-24 01:14:09'),
(42, 16, 100, 6.90, '2021-12-24 01:14:42', '2021-12-24 01:14:42'),
(43, 24, 133, 23.00, '2021-12-24 01:16:24', '2021-12-24 01:16:24'),
(44, 18, 30, 10.50, '2022-01-04 22:38:01', '2022-01-04 22:38:01'),
(45, 20, 100, 56.50, '2022-01-04 22:38:44', '2022-01-04 22:38:44'),
(46, 14, 100, 5.90, '2022-01-04 22:39:25', '2022-01-04 22:39:25'),
(47, 15, 50, 3.80, '2022-01-04 22:40:17', '2022-01-04 22:40:17'),
(48, 9, 192, 12.95, '2022-01-20 21:22:22', '2022-01-20 21:22:22'),
(49, 1, 320, 22.00, '2022-01-23 02:20:32', '2022-01-23 02:20:32'),
(50, 16, 200, 13.80, '2022-01-23 03:45:19', '2022-01-23 03:45:19'),
(51, 9, 192, 13.50, '2022-01-27 01:41:12', '2022-01-27 01:41:12'),
(52, 11, 192, 13.50, '2022-01-27 01:41:35', '2022-01-27 01:41:35'),
(53, 3, 400, 28.00, '2022-01-30 03:54:34', '2022-01-30 03:54:34'),
(54, 22, 100, 30.90, '2022-01-30 03:55:21', '2022-01-30 03:55:21'),
(55, 12, 150, 10.95, '2022-02-02 03:42:14', '2022-02-02 03:42:14'),
(56, 9, 192, 13.75, '2022-02-12 23:34:33', '2022-02-12 23:34:33'),
(57, 11, 192, 13.95, '2022-02-12 23:34:59', '2022-02-12 23:34:59'),
(58, 16, 100, 6.90, '2022-02-18 03:03:55', '2022-02-18 03:03:55'),
(59, 14, 100, 5.90, '2022-02-18 03:04:35', '2022-02-18 03:04:35'),
(60, 15, 50, 3.80, '2022-02-18 03:04:56', '2022-02-18 03:04:56'),
(61, 19, 10, 4.20, '2022-02-18 03:05:57', '2022-02-18 03:05:57'),
(62, 21, 25, 45.90, '2022-02-18 03:06:45', '2022-02-18 03:06:45'),
(63, 12, 150, 6.75, '2022-02-18 03:08:52', '2022-02-18 03:08:52'),
(64, 16, 100, 6.90, '2022-03-02 01:12:48', '2022-03-02 01:12:48'),
(65, 14, 100, 5.90, '2022-03-02 01:13:14', '2022-03-02 01:13:14'),
(66, 15, 50, 3.80, '2022-03-02 01:13:38', '2022-03-02 01:13:38'),
(70, 10, 192, 13.95, '2024-02-17 03:44:42', '2024-02-17 03:44:42'),
(71, 9, 192, 13.95, '2024-02-17 03:45:04', '2024-02-17 03:45:04'),
(72, 11, 192, 15.50, '2024-02-17 03:45:35', '2024-02-17 03:45:35'),
(73, 12, 192, 22.95, '2024-02-18 02:47:42', '2024-02-18 02:47:42'),
(74, 25, 10, 2.50, '2024-02-18 03:05:57', '2024-02-18 03:05:57'),
(75, 20, 10, 6.00, '2024-02-18 03:06:57', '2024-02-18 03:06:57'),
(76, 19, 10, 3.50, '2024-02-18 03:07:41', '2024-02-18 03:07:41'),
(77, 18, 10, 2.50, '2024-02-18 03:08:04', '2024-02-18 03:08:04'),
(78, 26, 25, 45.90, '2024-02-21 01:19:04', '2024-02-21 01:19:04'),
(79, 9, 192, 13.95, '2024-02-24 03:20:45', '2024-02-24 03:20:45'),
(80, 17, 50, 15.90, '2024-03-07 02:10:37', '2024-03-07 02:10:37'),
(81, 1, 317, 26.90, '2024-03-07 02:12:20', '2024-03-07 02:12:20'),
(82, 27, 30, 3.50, '2024-03-07 02:14:34', '2024-03-07 02:14:34'),
(83, 11, 192, 15.50, '2024-03-11 01:39:26', '2024-03-11 01:39:26'),
(84, 16, 100, 6.90, '2024-03-12 22:18:12', '2024-03-12 22:18:12'),
(85, 9, 192, 13.95, '2024-03-14 00:46:26', '2024-03-14 00:46:26');

-- --------------------------------------------------------

--
-- Estrutura para tabela `failed_jobs`
--

CREATE TABLE `failed_jobs` (
  `id` bigint(20) UNSIGNED NOT NULL,
  `uuid` varchar(255) NOT NULL,
  `connection` text NOT NULL,
  `queue` text NOT NULL,
  `payload` longtext NOT NULL,
  `exception` longtext NOT NULL,
  `failed_at` timestamp NOT NULL DEFAULT current_timestamp()
) ENGINE=InnoDB DEFAULT CHARSET=utf8mb4 COLLATE=utf8mb4_unicode_ci;

-- --------------------------------------------------------

--
-- Estrutura para tabela `ingredientes`
--

CREATE TABLE `ingredientes` (
  `id` int(10) UNSIGNED NOT NULL,
  `descricao` varchar(50) NOT NULL,
  `descricaoSimples` varchar(20) NOT NULL,
  `unidMedida` varchar(10) NOT NULL,
  `valor` double(8,2) NOT NULL,
  `qtd_porcao` int(11) DEFAULT NULL,
  `tipo` varchar(2) NOT NULL,
  `created_at` timestamp NULL DEFAULT NULL,
  `updated_at` timestamp NULL DEFAULT NULL
) ENGINE=InnoDB DEFAULT CHARSET=utf8mb4 COLLATE=utf8mb4_unicode_ci;

--
-- Despejando dados para a tabela `ingredientes`
--

INSERT INTO `ingredientes` (`id`, `descricao`, `descricaoSimples`, `unidMedida`, `valor`, `qtd_porcao`, `tipo`, `created_at`, `updated_at`) VALUES
(1, 'Milho', 'Milho', 'porcao', 3.45, 5, '', NULL, '2024-03-21 02:52:50'),
(2, 'Alface', 'Alface', 'porcao', 2.70, 5, '', NULL, '2024-03-21 02:47:30'),
(3, 'Batata Palha', 'Batata Palha', 'kilo', 35.00, 0, '', NULL, '2024-03-21 02:48:32'),
(4, 'Pão de Hamburguer', 'Pão de Hamburguer', 'unidade', 1.65, 0, '', NULL, '2024-03-21 02:54:32'),
(5, 'Salsicha', 'Salsicha', 'kilo', 10.95, 0, '', NULL, '2024-03-21 02:55:32'),
(6, 'Mussarela Fatiada', 'Mussarela', 'kilo', 33.50, 0, '', NULL, '2024-03-21 02:53:25'),
(7, 'Presunto', 'Presunto', 'kilo', 19.49, 0, '', '2021-10-30 03:04:27', '2024-03-21 02:54:55'),
(16, 'Bacon', 'Bacon', 'kilo', 36.75, 0, '', '2021-10-30 03:39:22', '2024-03-21 02:48:03'),
(17, 'Calabresa', 'Calabresa', 'kilo', 25.95, 0, '', '2021-10-30 03:39:42', '2024-03-21 02:48:43'),
(18, 'Carne Moída', 'Hamburguer Artesanal', 'kilo', 20.75, 0, '', '2021-10-30 21:35:38', '2024-03-21 02:48:59'),
(24, 'Bacon Fatiado', 'Bacon', 'kilo', 30.00, 0, '', '2021-10-30 21:59:26', '2024-03-21 02:47:02'),
(25, 'Galão de Catchup 3,5kg', 'Catchup', 'kilo', 4.10, 0, '', '2021-11-08 20:59:18', '2024-03-23 02:12:08'),
(26, 'Galão de Mostarda 3,2kg', 'Mostarda', 'kilo', 4.98, 0, '', '2021-11-08 21:10:04', '2024-03-23 02:13:34'),
(27, 'Sachê Maionese 3kg', 'Maionese', 'kilo', 7.83, 0, '', '2021-11-08 21:10:26', '2024-03-21 02:55:23'),
(28, 'Ovo', 'Ovo', 'unidade', 0.54, 0, '', '2021-11-10 00:45:24', '2024-03-21 02:54:06'),
(29, 'Hambúrguer Industrializado', '', 'unidade', 2.50, 0, '', '2021-11-10 00:46:33', '2022-05-25 03:32:03'),
(30, 'Tomate', 'Tomate', 'kilo', 8.40, 0, '', '2021-11-10 00:46:47', '2024-03-23 02:10:18'),
(31, 'Catupiry', 'Catupiry', 'kilo', 32.48, 0, '', '2021-11-10 00:47:32', '2024-03-21 02:49:19'),
(37, 'Cheddar Pasta', 'Cheddar', 'kilo', 51.75, 0, '', '2021-11-10 00:50:45', '2024-02-26 01:00:16'),
(38, 'Filé Mignon', '', 'kilo', 68.95, 0, '', '2021-11-10 03:53:45', '2021-12-17 21:48:15'),
(39, 'Alcatra', 'Alcatra', 'kilo', 50.00, 0, '', '2021-11-10 03:54:07', '2024-03-21 02:59:51'),
(40, 'Linguiça Toscana', '', 'kilo', 21.98, 0, '', '2021-11-10 03:54:24', '2022-01-05 00:27:08'),
(41, 'Pão Frances', 'Pão Frances', 'unidade', 1.25, 0, '', '2021-11-10 03:54:38', '2024-03-21 02:54:44'),
(42, 'Batata', 'Batata', 'kilo', 6.00, 0, '', '2021-11-10 03:55:29', '2024-03-21 02:48:13'),
(43, 'Filé de Peito', 'Frango em Pedaço', 'kilo', 17.90, 0, '', '2021-11-10 03:56:18', '2024-03-21 02:51:17'),
(44, 'Picanha', '', 'kilo', 70.00, 0, '', '2021-11-10 03:57:01', '2022-05-25 04:07:00'),
(45, 'Fígado', '', 'kilo', 19.95, 0, '', '2021-11-10 03:57:26', '2021-11-24 22:06:37'),
(46, 'Cebola', 'Cebola', 'kilo', 8.80, 0, '', '2021-11-10 03:57:53', '2024-03-21 02:49:27'),
(47, 'Frango Coxinha', '', 'kilo', 17.25, 0, '', '2021-11-10 03:58:16', '2022-01-28 02:58:03'),
(48, 'Peixe', '', 'kilo', 35.00, 0, '', '2021-11-10 03:58:32', '2022-05-25 04:08:25'),
(49, 'Batata Frita', 'Batata Frita', 'kilo', 14.40, 0, '', '2021-11-10 03:59:21', '2024-03-21 02:48:23'),
(50, 'Mandioca', '', 'kilo', 5.00, 0, '', '2021-11-10 03:59:36', '2021-11-17 04:42:28'),
(51, 'Cebola Empanada', 'Cebola Empanada', 'kilo', 30.00, 0, '', '2021-11-10 03:59:51', '2024-03-21 02:49:36'),
(52, 'Linguiça Mista', '', 'kilo', 14.95, 0, '', '2021-11-10 04:00:08', '2022-02-06 18:07:28'),
(53, 'Feijão', '', 'kilo', 7.60, 0, '', '2021-11-10 04:00:40', '2022-01-04 22:34:45'),
(54, 'Arroz', '', 'kilo', 4.20, 0, '', '2021-11-10 04:00:48', '2022-01-04 22:36:53'),
(55, 'Porco', '', 'kilo', 13.00, 0, '', '2021-11-10 04:01:31', '2022-05-27 02:47:12'),
(56, 'Pão de Brioche', 'Pão de Brioche', 'unidade', 1.50, 0, '', '2021-11-10 04:02:05', '2024-03-21 02:54:18'),
(57, 'Mussarela Peça', 'Mussarela', 'kilo', 33.50, 0, '', '2021-11-10 04:02:27', '2024-03-21 02:53:40'),
(58, 'Pão de Alho', '', 'kilo', 43.33, 0, '', '2021-11-10 04:03:23', '2021-11-17 22:05:01'),
(59, 'Farofa', '', 'kilo', 13.33, 0, '', '2021-11-10 04:04:24', '2021-11-17 21:36:53'),
(60, 'Contra Filé', '', 'kilo', 42.00, 0, '', '2021-11-10 04:05:59', '2022-03-02 01:08:29'),
(66, 'Cheddar Fatiado', 'Cheddar', 'kilo', 37.95, 0, '', '2021-11-10 17:24:34', '2024-03-21 02:49:47'),
(67, 'Coca Cola 2lt', 'Coca Cola 2lt', 'unidade', 5.50, 0, '', '2021-11-11 03:23:37', '2024-03-21 02:50:13'),
(70, 'Costela', '', 'kilo', 32.95, 0, '', '2021-11-19 04:16:52', '2022-06-23 03:35:16'),
(71, 'Queijo Prato', 'Queijo Prato', 'kilo', 64.67, 0, '', '2021-12-21 02:13:04', '2024-03-21 02:55:11'),
(72, 'Bisteca de Porco', '', 'kilo', 19.98, 0, '', '2022-01-05 00:27:35', '2022-01-05 00:28:05'),
(73, 'Mini Salgados Fritos 10 un', 'Mini Salgado', 'unidade', 0.50, 0, '', '2022-05-25 04:29:22', '2024-03-21 02:53:08'),
(75, 'Nuggets de Frango', 'Nuggets de Frango', 'unidade', 10.00, 0, '', '2024-02-24 03:49:04', '2024-03-21 02:53:51'),
(76, 'Óleo 900ml', '', 'litro', 5.50, 0, '', '2024-03-02 01:41:51', '2024-03-02 03:06:26'),
(77, 'Alho', 'Alho', 'kilo', 20.00, 0, '', '2024-03-02 03:31:43', '2024-03-21 02:47:53'),
(78, 'Molho Rose', '', 'kilo', 12.00, 0, '', '2024-03-02 03:59:46', '2024-03-02 04:01:27'),
(79, 'Ervilha', '', 'porcao', 3.99, 5, '', '2024-03-03 23:18:08', '2024-03-03 23:22:46'),
(80, 'Sal Temperado', '', 'kilo', 5.00, 0, '', '2024-03-06 01:25:36', '2024-03-06 01:45:25'),
(81, 'Farinha de Trigo', 'Farinha de Trigo', 'kilo', 6.00, 0, '', '2024-03-06 01:26:16', '2024-03-21 02:51:01'),
(82, 'Shoyo', '', 'litro', 22.50, 0, '', '2024-03-06 01:26:38', '2024-03-08 01:30:17'),
(83, 'Carne Moída Temperada', 'Hamburguer Artesanal', 'kilo', 24.13, 0, 'fp', '2024-03-06 01:52:18', '2024-03-21 02:49:12'),
(85, 'Filé de Peito Temperado', 'Frango em Pedaço', 'kilo', 0.00, 0, 'fp', '2024-03-06 03:50:31', '2024-03-21 02:51:32'),
(86, 'Coca Cola Lata', 'Coca Cola Lata', 'unidade', 1.60, 0, 'fn', '2024-03-21 03:17:47', '2024-03-21 04:21:06');

-- --------------------------------------------------------

--
-- Estrutura para tabela `itens`
--

CREATE TABLE `itens` (
  `id` bigint(20) UNSIGNED NOT NULL,
  `id_ingrediente` int(10) UNSIGNED NOT NULL,
  `id_produto` int(10) UNSIGNED NOT NULL,
  `qtd` int(11) NOT NULL,
  `created_at` timestamp NULL DEFAULT NULL,
  `updated_at` timestamp NULL DEFAULT NULL
) ENGINE=InnoDB DEFAULT CHARSET=utf8mb4 COLLATE=utf8mb4_unicode_ci;

--
-- Despejando dados para a tabela `itens`
--

INSERT INTO `itens` (`id`, `id_ingrediente`, `id_produto`, `qtd`, `created_at`, `updated_at`) VALUES
(16, 3, 2, 50, '2021-11-01 03:46:37', '2021-11-01 03:46:37'),
(17, 4, 2, 1, '2021-11-01 03:46:45', '2021-11-01 03:46:45'),
(18, 5, 2, 50, '2021-11-01 03:46:52', '2021-11-01 03:46:52'),
(19, 6, 2, 70, '2021-11-01 03:46:58', '2021-11-01 03:46:58'),
(22, 3, 3, 30, '2021-11-02 00:14:19', '2021-11-02 00:14:19'),
(23, 6, 3, 70, '2021-11-02 00:14:36', '2021-11-02 00:14:36'),
(24, 7, 3, 50, '2021-11-02 00:14:59', '2021-11-02 00:14:59'),
(25, 4, 3, 1, '2021-11-02 00:15:07', '2021-11-02 00:15:07'),
(28, 3, 1, 30, '2021-11-02 00:36:05', '2021-11-02 00:36:05'),
(30, 4, 1, 1, '2021-11-02 00:36:19', '2021-11-02 00:36:19'),
(31, 25, 1, 20, '2021-11-08 21:07:13', '2021-11-08 21:07:13'),
(32, 26, 1, 20, '2021-11-08 21:11:45', '2021-11-08 21:11:45'),
(33, 27, 1, 20, '2021-11-08 21:11:52', '2021-11-08 21:11:52'),
(44, 4, 12, 1, '2021-11-11 04:31:44', '2021-11-11 04:31:44'),
(47, 6, 12, 70, '2021-11-11 04:32:20', '2021-11-11 04:32:20'),
(48, 7, 12, 50, '2021-11-11 04:32:33', '2021-11-11 04:32:33'),
(49, 3, 12, 30, '2021-11-11 04:32:52', '2021-11-11 04:32:52'),
(50, 43, 12, 200, '2021-11-11 04:33:38', '2021-11-11 04:33:38'),
(52, 49, 40, 600, '2021-11-17 03:41:55', '2021-11-17 03:41:55'),
(53, 39, 18, 200, '2021-11-17 03:45:52', '2021-11-17 03:45:52'),
(54, 40, 18, 200, '2021-11-17 03:46:14', '2021-11-17 03:46:14'),
(56, 6, 18, 70, '2021-11-17 03:46:40', '2021-11-17 03:46:40'),
(60, 41, 18, 1, '2021-11-17 03:49:41', '2021-11-17 03:49:41'),
(61, 46, 18, 100, '2021-11-17 03:52:43', '2021-11-17 03:52:43'),
(62, 30, 18, 100, '2021-11-17 03:52:57', '2021-11-17 03:52:57'),
(63, 68, 11, 200, '2021-11-17 03:56:19', '2021-11-17 03:56:19'),
(64, 4, 11, 1, '2021-11-17 03:56:33', '2021-11-17 03:56:33'),
(65, 3, 11, 30, '2021-11-17 03:57:40', '2021-11-17 03:57:40'),
(67, 30, 11, 20, '2021-11-17 03:58:17', '2021-11-17 03:58:17'),
(68, 1, 11, 5, '2021-11-17 03:58:54', '2021-11-17 03:58:54'),
(69, 6, 11, 70, '2021-11-17 03:59:22', '2021-11-17 03:59:22'),
(71, 5, 9, 100, '2021-11-17 04:01:48', '2021-11-17 04:01:48'),
(72, 16, 9, 100, '2021-11-17 04:02:18', '2021-11-17 04:02:18'),
(73, 17, 9, 100, '2021-11-17 04:02:26', '2021-11-17 04:02:26'),
(74, 7, 9, 50, '2021-11-17 04:02:39', '2021-11-17 04:02:39'),
(75, 6, 9, 70, '2021-11-17 04:02:47', '2021-11-17 04:02:47'),
(76, 4, 9, 1, '2021-11-17 04:02:56', '2021-11-17 04:02:56'),
(79, 3, 9, 30, '2021-11-17 04:03:26', '2021-11-17 04:03:26'),
(80, 31, 9, 100, '2021-11-17 04:05:31', '2021-11-17 04:05:31'),
(91, 25, 9, 20, '2021-11-17 04:12:17', '2021-11-17 04:12:17'),
(92, 26, 9, 20, '2021-11-17 04:12:26', '2021-11-17 04:12:26'),
(93, 27, 9, 20, '2021-11-17 04:12:32', '2021-11-17 04:12:32'),
(94, 30, 12, 30, '2021-11-17 04:13:00', '2021-11-17 04:13:00'),
(95, 25, 12, 20, '2021-11-17 04:13:48', '2021-11-17 04:13:48'),
(96, 26, 12, 20, '2021-11-17 04:13:56', '2021-11-17 04:13:56'),
(97, 27, 12, 20, '2021-11-17 04:14:03', '2021-11-17 04:14:03'),
(100, 31, 12, 50, '2021-11-17 04:15:56', '2021-11-17 04:15:56'),
(109, 4, 16, 1, '2021-11-17 04:18:30', '2021-11-17 04:18:30'),
(112, 30, 16, 30, '2021-11-17 04:18:51', '2021-11-17 04:18:51'),
(113, 3, 16, 30, '2021-11-17 04:18:57', '2021-11-17 04:18:57'),
(115, 7, 16, 50, '2021-11-17 04:19:15', '2021-11-17 04:19:15'),
(116, 6, 16, 70, '2021-11-17 04:19:21', '2021-11-17 04:19:21'),
(117, 16, 16, 100, '2021-11-17 04:19:32', '2021-11-17 04:19:32'),
(118, 17, 16, 100, '2021-11-17 04:19:36', '2021-11-17 04:19:36'),
(119, 25, 16, 20, '2021-11-17 04:19:49', '2021-11-17 04:19:49'),
(120, 26, 16, 20, '2021-11-17 04:19:56', '2021-11-17 04:19:56'),
(121, 27, 16, 20, '2021-11-17 04:20:05', '2021-11-17 04:20:05'),
(122, 37, 16, 50, '2021-11-17 04:20:50', '2021-11-17 04:20:50'),
(123, 28, 16, 1, '2021-11-17 04:21:10', '2021-11-17 04:21:10'),
(124, 4, 10, 1, '2021-11-17 04:22:37', '2021-11-17 04:22:37'),
(127, 3, 10, 30, '2021-11-17 04:23:01', '2021-11-17 04:23:01'),
(128, 30, 10, 30, '2021-11-17 04:23:12', '2021-11-17 04:23:12'),
(129, 6, 10, 70, '2021-11-17 04:23:22', '2021-11-17 04:23:22'),
(130, 25, 10, 20, '2021-11-17 04:24:16', '2021-11-17 04:24:16'),
(131, 26, 10, 20, '2021-11-17 04:24:23', '2021-11-17 04:24:23'),
(132, 27, 10, 20, '2021-11-17 04:24:28', '2021-11-17 04:24:28'),
(134, 37, 10, 50, '2021-11-17 04:25:32', '2021-11-17 04:25:32'),
(175, 51, 42, 500, '2021-11-17 04:46:58', '2021-11-17 04:46:58'),
(183, 25, 2, 20, '2021-11-17 04:54:40', '2021-11-17 04:54:40'),
(184, 26, 2, 20, '2021-11-17 04:54:46', '2021-11-17 04:54:46'),
(185, 27, 2, 20, '2021-11-17 04:54:53', '2021-11-17 04:54:53'),
(186, 56, 25, 1, '2021-11-17 04:56:12', '2021-11-17 04:56:12'),
(188, 68, 25, 100, '2021-11-17 04:56:28', '2021-11-17 04:56:28'),
(192, 6, 25, 70, '2021-11-17 04:56:57', '2021-11-17 04:56:57'),
(194, 16, 25, 100, '2021-11-17 04:57:40', '2021-11-17 04:57:40'),
(195, 2, 11, 15, '2021-11-17 21:19:52', '2021-11-17 21:19:52'),
(258, 48, 39, 600, '2021-11-17 22:51:57', '2021-11-17 22:51:57'),
(260, 56, 26, 1, '2021-11-17 22:52:33', '2021-11-17 22:52:33'),
(261, 66, 26, 30, '2021-11-17 22:52:55', '2021-11-17 22:52:55'),
(307, 4, 8, 1, '2021-11-18 03:33:38', '2021-11-18 03:33:38'),
(308, 3, 8, 30, '2021-11-18 03:33:45', '2021-11-18 03:33:45'),
(311, 6, 8, 70, '2021-11-18 03:34:14', '2021-11-18 03:34:14'),
(312, 7, 8, 50, '2021-11-18 03:34:31', '2021-11-18 03:34:31'),
(313, 25, 8, 20, '2021-11-18 03:34:38', '2021-11-18 03:34:38'),
(314, 26, 8, 20, '2021-11-18 03:34:43', '2021-11-18 03:34:43'),
(315, 27, 8, 20, '2021-11-18 03:34:49', '2021-11-18 03:34:49'),
(316, 30, 8, 20, '2021-11-18 03:35:03', '2021-11-18 03:35:03'),
(318, 4, 6, 1, '2021-11-18 21:10:51', '2021-11-18 21:10:51'),
(322, 3, 6, 30, '2021-11-18 21:11:27', '2021-11-18 21:11:27'),
(323, 25, 6, 20, '2021-11-18 21:11:38', '2021-11-18 21:11:38'),
(324, 26, 6, 20, '2021-11-18 21:11:44', '2021-11-18 21:11:44'),
(325, 27, 6, 20, '2021-11-18 21:11:50', '2021-11-18 21:11:50'),
(326, 30, 6, 20, '2021-11-18 21:12:03', '2021-11-18 21:12:03'),
(327, 56, 28, 1, '2021-11-18 21:12:50', '2021-11-18 21:12:50'),
(329, 30, 28, 20, '2021-11-18 21:13:09', '2021-11-18 21:13:09'),
(331, 4, 7, 1, '2021-11-18 21:13:51', '2021-11-18 21:13:51'),
(334, 30, 7, 20, '2021-11-18 21:14:16', '2021-11-18 21:14:16'),
(336, 49, 7, 30, '2021-11-18 21:14:36', '2021-11-18 21:14:36'),
(337, 6, 7, 70, '2021-11-18 21:14:41', '2021-11-18 21:14:41'),
(338, 25, 7, 20, '2021-11-18 21:14:50', '2021-11-18 21:14:50'),
(339, 26, 7, 20, '2021-11-18 21:14:57', '2021-11-18 21:14:57'),
(340, 27, 7, 20, '2021-11-18 21:15:04', '2021-11-18 21:15:04'),
(345, 4, 5, 1, '2021-11-18 21:17:34', '2021-11-18 21:17:34'),
(347, 30, 5, 30, '2021-11-18 21:17:45', '2021-11-18 21:17:45'),
(349, 3, 5, 30, '2021-11-18 21:18:08', '2021-11-18 21:18:08'),
(350, 6, 5, 70, '2021-11-18 21:18:17', '2021-11-18 21:18:17'),
(351, 28, 5, 1, '2021-11-18 21:18:21', '2021-11-18 21:18:21'),
(353, 25, 5, 20, '2021-11-18 21:18:42', '2021-11-18 21:18:42'),
(355, 26, 5, 20, '2021-11-18 21:18:58', '2021-11-18 21:18:58'),
(356, 27, 5, 20, '2021-11-18 21:19:02', '2021-11-18 21:19:02'),
(388, 56, 20, 1, '2021-11-18 21:30:00', '2021-11-18 21:30:00'),
(390, 37, 20, 30, '2021-11-18 21:30:25', '2021-11-18 21:30:25'),
(391, 16, 20, 100, '2021-11-18 21:30:32', '2021-11-18 21:30:32'),
(393, 51, 20, 30, '2021-11-18 21:31:57', '2021-11-18 21:31:57'),
(395, 30, 20, 20, '2021-11-18 21:32:28', '2021-11-18 21:32:28'),
(396, 4, 4, 1, '2021-11-18 21:33:17', '2021-11-18 21:33:17'),
(399, 3, 4, 30, '2021-11-18 21:40:41', '2021-11-18 21:40:41'),
(400, 5, 4, 50, '2021-11-18 21:40:53', '2021-11-18 21:40:53'),
(401, 7, 4, 50, '2021-11-18 21:41:02', '2021-11-18 21:41:02'),
(402, 6, 4, 70, '2021-11-18 21:41:09', '2021-11-18 21:41:09'),
(403, 25, 4, 20, '2021-11-18 21:41:15', '2021-11-18 21:41:15'),
(404, 26, 4, 20, '2021-11-18 21:41:20', '2021-11-18 21:41:20'),
(405, 27, 4, 20, '2021-11-18 21:41:25', '2021-11-18 21:41:25'),
(406, 56, 23, 1, '2021-11-19 04:14:38', '2021-11-19 04:14:38'),
(408, 30, 23, 20, '2021-11-19 04:15:01', '2021-11-19 04:15:01'),
(409, 66, 23, 30, '2021-11-19 04:15:20', '2021-11-19 04:15:20'),
(410, 6, 23, 70, '2021-11-19 04:15:25', '2021-11-19 04:15:25'),
(411, 31, 23, 30, '2021-11-19 04:15:29', '2021-11-19 04:15:29'),
(412, 51, 23, 30, '2021-11-19 04:15:43', '2021-11-19 04:15:43'),
(413, 16, 23, 100, '2021-11-19 04:15:53', '2021-11-19 04:15:53'),
(414, 18, 27, 200, '2021-11-19 04:22:04', '2021-11-19 04:22:04'),
(415, 70, 27, 200, '2021-11-19 04:22:11', '2021-11-19 04:22:11'),
(418, 16, 27, 140, '2021-11-19 04:22:58', '2021-11-19 04:22:58'),
(419, 56, 27, 1, '2021-11-19 04:23:14', '2021-11-19 04:23:14'),
(420, 2, 27, 15, '2021-11-19 04:23:19', '2021-11-19 04:23:19'),
(421, 30, 27, 30, '2021-11-19 04:23:31', '2021-11-19 04:23:31'),
(422, 66, 27, 30, '2021-11-19 04:23:49', '2021-11-19 04:23:49'),
(423, 6, 27, 70, '2021-11-19 04:23:56', '2021-11-19 04:23:56'),
(424, 16, 11, 20, '2021-12-03 23:56:17', '2021-12-03 23:56:17'),
(425, 70, 11, 200, '2021-12-07 05:03:04', '2021-12-07 05:03:04'),
(432, 71, 23, 30, '2022-01-13 03:06:40', '2022-01-13 03:06:40'),
(440, 73, 55, 10, '2022-05-25 04:31:24', '2022-05-25 04:31:24'),
(458, 18, 58, 200, '2022-05-30 04:14:38', '2022-05-30 04:14:38'),
(459, 6, 58, 70, '2022-05-30 04:14:54', '2022-05-30 04:14:54'),
(460, 56, 58, 1, '2022-05-30 04:15:04', '2022-05-30 04:15:04'),
(461, 30, 58, 15, '2022-05-30 04:15:18', '2022-05-30 04:15:18'),
(462, 56, 59, 3, '2024-02-17 01:40:46', '2024-02-17 01:40:46'),
(465, 66, 59, 90, '2024-02-17 01:45:27', '2024-02-17 01:45:27'),
(466, 49, 59, 300, '2024-02-17 01:46:05', '2024-02-17 01:46:05'),
(467, 57, 59, 100, '2024-02-17 01:46:50', '2024-02-17 01:46:50'),
(468, 49, 59, 300, '2024-02-17 01:49:32', '2024-02-17 01:49:32'),
(469, 30, 59, 30, '2024-02-17 01:52:30', '2024-02-17 01:52:30'),
(471, 67, 59, 1, '2024-02-17 03:13:49', '2024-02-17 03:13:49'),
(473, 56, 69, 2, '2024-02-24 03:41:34', '2024-02-24 03:41:34'),
(475, 66, 69, 60, '2024-02-24 03:45:05', '2024-02-24 03:45:05'),
(476, 49, 69, 300, '2024-02-24 03:46:50', '2024-02-24 03:46:50'),
(477, 30, 69, 30, '2024-02-24 03:47:56', '2024-02-24 03:47:56'),
(478, 75, 69, 1, '2024-02-24 03:50:34', '2024-02-24 03:50:34'),
(479, 67, 69, 1, '2024-02-24 03:51:20', '2024-02-24 03:51:20'),
(481, 56, 60, 2, '2024-02-24 04:05:28', '2024-02-24 04:05:28'),
(483, 49, 60, 300, '2024-02-24 04:06:07', '2024-02-24 04:06:07'),
(485, 73, 60, 20, '2024-02-24 04:08:16', '2024-02-24 04:08:16'),
(487, 30, 60, 30, '2024-02-24 04:09:08', '2024-02-24 04:09:08'),
(488, 67, 60, 1, '2024-02-24 04:09:44', '2024-02-24 04:09:44'),
(489, 66, 60, 60, '2024-02-24 04:10:20', '2024-02-24 04:10:20'),
(491, 56, 67, 2, '2024-02-24 04:14:39', '2024-02-24 04:14:39'),
(492, 66, 67, 60, '2024-02-24 04:14:50', '2024-02-24 04:14:50'),
(493, 30, 67, 30, '2024-02-24 04:15:01', '2024-02-24 04:15:01'),
(494, 49, 67, 300, '2024-02-24 04:15:22', '2024-02-24 04:15:22'),
(496, 57, 60, 100, '2024-02-24 04:20:22', '2024-02-24 04:20:22'),
(497, 57, 67, 100, '2024-02-24 04:21:20', '2024-02-24 04:21:20'),
(498, 43, 67, 300, '2024-02-24 04:21:57', '2024-02-24 04:21:57'),
(499, 17, 67, 300, '2024-02-24 04:22:21', '2024-02-24 04:22:21'),
(500, 67, 67, 1, '2024-02-24 04:22:36', '2024-02-24 04:22:36'),
(501, 46, 67, 100, '2024-02-24 04:23:49', '2024-02-24 04:23:49'),
(503, 56, 65, 2, '2024-02-24 04:27:35', '2024-02-24 04:27:35'),
(504, 66, 65, 60, '2024-02-24 04:27:50', '2024-02-24 04:27:50'),
(505, 30, 65, 30, '2024-02-24 04:27:59', '2024-02-24 04:27:59'),
(506, 49, 65, 300, '2024-02-24 04:28:17', '2024-02-24 04:28:17'),
(507, 57, 65, 100, '2024-02-24 04:28:28', '2024-02-24 04:28:28'),
(508, 43, 65, 300, '2024-02-24 04:28:46', '2024-02-24 04:28:46'),
(509, 67, 65, 1, '2024-02-24 04:30:37', '2024-02-24 04:30:37'),
(511, 56, 66, 2, '2024-02-25 23:14:27', '2024-02-25 23:14:27'),
(512, 66, 66, 60, '2024-02-25 23:14:37', '2024-02-25 23:14:37'),
(513, 30, 66, 30, '2024-02-25 23:14:51', '2024-02-25 23:14:51'),
(514, 75, 66, 1, '2024-02-25 23:15:14', '2024-02-25 23:15:14'),
(515, 49, 66, 300, '2024-02-25 23:16:10', '2024-02-25 23:16:10'),
(516, 37, 66, 100, '2024-02-25 23:17:20', '2024-02-25 23:17:20'),
(517, 17, 66, 300, '2024-02-25 23:17:51', '2024-02-25 23:17:51'),
(518, 67, 66, 1, '2024-02-25 23:18:02', '2024-02-25 23:18:02'),
(520, 66, 72, 120, '2024-02-25 23:27:25', '2024-02-25 23:27:25'),
(522, 56, 72, 4, '2024-02-25 23:28:03', '2024-02-25 23:28:03'),
(523, 30, 72, 60, '2024-02-25 23:28:18', '2024-02-25 23:28:18'),
(524, 43, 72, 300, '2024-02-25 23:28:52', '2024-02-25 23:28:52'),
(525, 17, 72, 300, '2024-02-25 23:29:02', '2024-02-25 23:29:02'),
(526, 49, 72, 300, '2024-02-25 23:29:11', '2024-02-25 23:29:11'),
(527, 57, 72, 100, '2024-02-25 23:29:24', '2024-02-25 23:29:24'),
(528, 46, 72, 100, '2024-02-25 23:29:49', '2024-02-25 23:29:49'),
(530, 56, 74, 5, '2024-02-25 23:41:57', '2024-02-25 23:41:57'),
(531, 66, 74, 150, '2024-02-25 23:42:16', '2024-02-25 23:42:16'),
(532, 30, 74, 100, '2024-02-25 23:43:49', '2024-02-25 23:43:49'),
(533, 17, 74, 500, '2024-02-25 23:44:16', '2024-02-25 23:44:16'),
(534, 49, 74, 500, '2024-02-25 23:44:26', '2024-02-25 23:44:26'),
(535, 57, 74, 150, '2024-02-25 23:44:46', '2024-02-25 23:44:46'),
(536, 46, 74, 100, '2024-02-25 23:44:59', '2024-02-25 23:44:59'),
(537, 67, 74, 1, '2024-02-25 23:45:53', '2024-02-25 23:45:53'),
(539, 37, 75, 120, '2024-02-25 23:52:57', '2024-02-25 23:52:57'),
(540, 56, 75, 4, '2024-02-25 23:53:17', '2024-02-25 23:53:17'),
(541, 30, 75, 50, '2024-02-25 23:53:53', '2024-02-25 23:53:53'),
(542, 73, 75, 40, '2024-02-25 23:55:42', '2024-02-25 23:55:42'),
(543, 17, 75, 300, '2024-02-25 23:56:22', '2024-02-25 23:56:22'),
(544, 46, 75, 100, '2024-02-25 23:56:34', '2024-02-25 23:56:34'),
(545, 43, 75, 300, '2024-02-25 23:56:46', '2024-02-25 23:56:46'),
(546, 39, 75, 300, '2024-02-25 23:57:02', '2024-02-25 23:57:02'),
(547, 49, 75, 300, '2024-02-25 23:57:12', '2024-02-25 23:57:12'),
(548, 67, 75, 1, '2024-02-25 23:57:31', '2024-02-25 23:57:31'),
(549, 18, 70, 360, '2024-02-26 00:01:57', '2024-02-26 00:01:57'),
(550, 56, 70, 3, '2024-02-26 00:02:07', '2024-02-26 00:02:07'),
(551, 66, 70, 90, '2024-02-26 00:02:32', '2024-02-26 00:02:32'),
(552, 30, 70, 50, '2024-02-26 00:02:43', '2024-02-26 00:02:43'),
(553, 49, 70, 300, '2024-02-26 00:03:03', '2024-02-26 00:03:03'),
(554, 37, 70, 100, '2024-02-26 00:03:15', '2024-02-26 00:03:15'),
(555, 73, 70, 30, '2024-02-26 00:03:41', '2024-02-26 00:03:41'),
(556, 67, 70, 1, '2024-02-26 00:05:11', '2024-02-26 00:05:11'),
(558, 66, 73, 90, '2024-02-26 00:34:15', '2024-02-26 00:34:15'),
(559, 56, 73, 3, '2024-02-26 00:34:23', '2024-02-26 00:34:23'),
(560, 30, 73, 50, '2024-02-26 00:34:40', '2024-02-26 00:34:40'),
(561, 49, 73, 300, '2024-02-26 00:35:05', '2024-02-26 00:35:05'),
(563, 37, 73, 100, '2024-02-26 00:35:40', '2024-02-26 00:35:40'),
(564, 17, 73, 300, '2024-02-26 00:36:31', '2024-02-26 00:36:31'),
(565, 46, 73, 100, '2024-02-26 00:36:49', '2024-02-26 00:36:49'),
(566, 73, 73, 30, '2024-02-26 00:37:00', '2024-02-26 00:37:00'),
(567, 67, 73, 1, '2024-02-26 00:37:43', '2024-02-26 00:37:43'),
(569, 66, 68, 90, '2024-02-26 00:42:38', '2024-02-26 00:42:38'),
(570, 56, 68, 3, '2024-02-26 00:42:49', '2024-02-26 00:42:49'),
(571, 30, 68, 50, '2024-02-26 00:43:01', '2024-02-26 00:43:01'),
(572, 75, 68, 1, '2024-02-26 00:43:44', '2024-02-26 00:43:44'),
(573, 49, 68, 300, '2024-02-26 00:43:58', '2024-02-26 00:43:58'),
(574, 37, 68, 100, '2024-02-26 00:44:09', '2024-02-26 00:44:09'),
(575, 16, 68, 100, '2024-02-26 00:44:24', '2024-02-26 00:44:24'),
(576, 67, 68, 1, '2024-02-26 00:44:54', '2024-02-26 00:44:54'),
(578, 66, 71, 90, '2024-02-26 00:50:09', '2024-02-26 00:50:09'),
(579, 56, 71, 3, '2024-02-26 00:50:23', '2024-02-26 00:50:23'),
(580, 30, 71, 50, '2024-02-26 00:51:17', '2024-02-26 00:51:17'),
(581, 49, 71, 300, '2024-02-26 00:51:56', '2024-02-26 00:51:56'),
(582, 37, 71, 100, '2024-02-26 00:52:09', '2024-02-26 00:52:09'),
(583, 73, 71, 30, '2024-02-26 00:52:38', '2024-02-26 00:52:38'),
(584, 43, 71, 300, '2024-02-26 00:54:08', '2024-02-26 00:54:08'),
(588, 67, 72, 1, '2024-02-29 03:23:27', '2024-02-29 03:23:27'),
(589, 4, 78, 1, '2024-03-01 02:41:55', '2024-03-01 02:41:55'),
(591, 5, 1, 70, '2024-03-01 03:08:50', '2024-03-01 03:08:50'),
(592, 5, 78, 70, '2024-03-01 03:10:07', '2024-03-01 03:10:07'),
(593, 16, 78, 100, '2024-03-01 03:10:20', '2024-03-01 03:10:20'),
(596, 25, 78, 20, '2024-03-01 03:11:10', '2024-03-01 03:11:10'),
(597, 26, 78, 20, '2024-03-01 03:11:23', '2024-03-01 03:11:23'),
(598, 27, 78, 20, '2024-03-01 03:11:40', '2024-03-01 03:11:40'),
(599, 3, 78, 30, '2024-03-01 03:12:37', '2024-03-01 03:12:37'),
(600, 4, 76, 1, '2024-03-01 03:17:50', '2024-03-01 03:17:50'),
(604, 3, 76, 30, '2024-03-01 03:18:33', '2024-03-01 03:18:33'),
(605, 25, 76, 20, '2024-03-01 03:18:57', '2024-03-01 03:18:57'),
(606, 26, 76, 20, '2024-03-01 03:19:04', '2024-03-01 03:19:04'),
(607, 27, 76, 20, '2024-03-01 03:19:12', '2024-03-01 03:19:12'),
(608, 4, 77, 1, '2024-03-01 03:21:28', '2024-03-01 03:21:28'),
(610, 43, 77, 200, '2024-03-01 03:21:55', '2024-03-01 03:21:55'),
(612, 3, 77, 30, '2024-03-01 03:22:25', '2024-03-01 03:22:25'),
(614, 25, 77, 20, '2024-03-01 03:22:46', '2024-03-01 03:22:46'),
(615, 26, 77, 20, '2024-03-01 03:22:56', '2024-03-01 03:22:56'),
(616, 27, 77, 20, '2024-03-01 03:23:02', '2024-03-01 03:23:02'),
(617, 4, 79, 1, '2024-03-01 03:24:46', '2024-03-01 03:24:46'),
(618, 5, 79, 50, '2024-03-01 03:24:54', '2024-03-01 03:24:54'),
(619, 17, 79, 100, '2024-03-01 03:25:01', '2024-03-01 03:25:01'),
(621, 3, 79, 30, '2024-03-01 03:25:17', '2024-03-01 03:25:17'),
(623, 25, 79, 20, '2024-03-01 03:25:58', '2024-03-01 03:25:58'),
(624, 26, 79, 20, '2024-03-01 03:26:11', '2024-03-01 03:26:11'),
(625, 27, 79, 20, '2024-03-01 03:26:20', '2024-03-01 03:26:20'),
(626, 4, 80, 1, '2024-03-01 03:27:44', '2024-03-01 03:27:44'),
(628, 31, 80, 100, '2024-03-01 03:28:23', '2024-03-01 03:28:23'),
(631, 3, 80, 30, '2024-03-01 03:28:59', '2024-03-01 03:28:59'),
(632, 25, 80, 20, '2024-03-01 03:29:07', '2024-03-01 03:29:07'),
(633, 26, 80, 20, '2024-03-01 03:29:16', '2024-03-01 03:29:16'),
(634, 27, 80, 20, '2024-03-01 03:29:23', '2024-03-01 03:29:23'),
(635, 4, 81, 1, '2024-03-01 03:30:51', '2024-03-01 03:30:51'),
(636, 5, 81, 70, '2024-03-01 03:31:05', '2024-03-01 03:31:05'),
(637, 37, 81, 100, '2024-03-01 03:31:20', '2024-03-01 03:31:20'),
(640, 3, 81, 30, '2024-03-01 03:31:45', '2024-03-01 03:31:45'),
(641, 25, 81, 20, '2024-03-01 03:31:52', '2024-03-01 03:31:52'),
(642, 26, 81, 20, '2024-03-01 03:31:58', '2024-03-01 03:31:58'),
(643, 27, 81, 20, '2024-03-01 03:32:05', '2024-03-01 03:32:05'),
(644, 4, 82, 1, '2024-03-01 03:47:05', '2024-03-01 03:47:05'),
(646, 71, 82, 30, '2024-03-01 03:47:56', '2024-03-01 03:47:56'),
(647, 6, 82, 70, '2024-03-01 03:48:30', '2024-03-01 03:48:30'),
(648, 31, 82, 100, '2024-03-01 03:48:52', '2024-03-01 03:48:52'),
(650, 3, 82, 30, '2024-03-01 03:49:34', '2024-03-01 03:49:34'),
(652, 30, 82, 30, '2024-03-01 03:50:08', '2024-03-01 03:50:08'),
(653, 4, 83, 1, '2024-03-01 03:52:55', '2024-03-01 03:52:55'),
(654, 5, 83, 50, '2024-03-01 03:53:25', '2024-03-01 03:53:25'),
(656, 7, 83, 70, '2024-03-01 03:53:57', '2024-03-01 03:53:57'),
(657, 6, 83, 70, '2024-03-01 03:54:05', '2024-03-01 03:54:05'),
(658, 66, 83, 70, '2024-03-01 03:54:42', '2024-03-01 03:54:42'),
(659, 24, 83, 100, '2024-03-01 03:54:55', '2024-03-01 03:54:55'),
(661, 3, 83, 30, '2024-03-01 03:55:18', '2024-03-01 03:55:18'),
(663, 25, 83, 20, '2024-03-01 03:55:39', '2024-03-01 03:55:39'),
(664, 26, 83, 20, '2024-03-01 03:55:51', '2024-03-01 03:55:51'),
(665, 27, 83, 20, '2024-03-01 03:56:00', '2024-03-01 03:56:00'),
(666, 30, 83, 30, '2024-03-01 03:56:16', '2024-03-01 03:56:16'),
(667, 5, 80, 70, '2024-03-01 03:59:01', '2024-03-01 03:59:01'),
(668, 5, 77, 70, '2024-03-01 03:59:43', '2024-03-01 03:59:43'),
(671, 28, 84, 2, '2024-03-02 02:48:32', '2024-03-02 02:48:32'),
(672, 30, 84, 150, '2024-03-02 02:49:37', '2024-03-02 02:49:37'),
(673, 76, 84, 450, '2024-03-02 03:07:41', '2024-03-02 03:07:41'),
(675, 77, 84, 10, '2024-03-02 03:34:54', '2024-03-02 03:34:54'),
(676, 78, 59, 100, '2024-03-02 04:02:38', '2024-03-02 04:02:38'),
(677, 78, 69, 100, '2024-03-02 04:30:48', '2024-03-02 04:30:48'),
(678, 78, 60, 100, '2024-03-02 04:32:07', '2024-03-02 04:32:07'),
(679, 78, 67, 100, '2024-03-02 04:32:43', '2024-03-02 04:32:43'),
(680, 78, 65, 100, '2024-03-02 04:33:27', '2024-03-02 04:33:27'),
(681, 78, 66, 100, '2024-03-02 04:34:08', '2024-03-02 04:34:08'),
(682, 78, 72, 100, '2024-03-02 04:35:00', '2024-03-02 04:35:00'),
(683, 78, 74, 100, '2024-03-02 04:35:32', '2024-03-02 04:35:32'),
(684, 78, 75, 100, '2024-03-02 04:36:14', '2024-03-02 04:36:14'),
(685, 78, 70, 100, '2024-03-02 04:36:57', '2024-03-02 04:36:57'),
(686, 5, 76, 100, '2024-03-03 03:40:29', '2024-03-03 03:40:29'),
(690, 2, 1, 1, '2024-03-03 04:40:48', '2024-03-03 04:40:48'),
(692, 1, 1, 1, '2024-03-03 23:50:39', '2024-03-03 23:50:39'),
(694, 1, 9, 1, '2024-03-04 00:27:02', '2024-03-04 00:27:02'),
(696, 16, 86, 600, '2024-03-06 01:36:57', '2024-03-06 01:36:57'),
(697, 18, 86, 5106, '2024-03-06 01:39:22', '2024-03-06 01:39:22'),
(698, 46, 86, 1000, '2024-03-06 01:40:24', '2024-03-06 01:40:24'),
(699, 80, 86, 100, '2024-03-06 01:45:45', '2024-03-06 01:45:45'),
(700, 83, 16, 200, '2024-03-06 01:55:14', '2024-03-06 01:55:14'),
(701, 83, 10, 200, '2024-03-06 01:56:19', '2024-03-06 01:56:19'),
(702, 83, 83, 200, '2024-03-06 01:56:49', '2024-03-06 01:56:49'),
(703, 83, 59, 360, '2024-03-06 01:59:05', '2024-03-06 01:59:05'),
(704, 83, 69, 240, '2024-03-06 02:00:08', '2024-03-06 02:00:08'),
(705, 83, 60, 240, '2024-03-06 02:00:33', '2024-03-06 02:00:33'),
(706, 83, 67, 240, '2024-03-06 02:00:52', '2024-03-06 02:00:52'),
(707, 83, 65, 240, '2024-03-06 02:01:16', '2024-03-06 02:01:16'),
(708, 83, 66, 240, '2024-03-06 02:01:40', '2024-03-06 02:01:40'),
(709, 83, 72, 480, '2024-03-06 02:02:01', '2024-03-06 02:02:01'),
(710, 83, 74, 600, '2024-03-06 02:02:26', '2024-03-06 02:02:26'),
(711, 83, 75, 480, '2024-03-06 02:03:05', '2024-03-06 02:03:05'),
(712, 83, 70, 360, '2024-03-06 02:03:28', '2024-03-06 02:03:28'),
(713, 83, 73, 360, '2024-03-06 02:03:48', '2024-03-06 02:03:48'),
(714, 83, 68, 360, '2024-03-06 02:04:15', '2024-03-06 02:04:15'),
(715, 83, 71, 360, '2024-03-06 02:04:55', '2024-03-06 02:04:55'),
(716, 66, 28, 30, '2024-03-08 23:15:06', '2024-03-08 23:15:06'),
(717, 2, 28, 1, '2024-03-08 23:15:26', '2024-03-08 23:15:26'),
(718, 83, 28, 120, '2024-03-08 23:16:50', '2024-03-08 23:16:50'),
(719, 2, 78, 1, '2024-03-12 23:29:33', '2024-03-12 23:29:33'),
(720, 1, 78, 1, '2024-03-12 23:29:45', '2024-03-12 23:29:45'),
(721, 2, 79, 1, '2024-03-12 23:30:16', '2024-03-12 23:30:16'),
(722, 1, 79, 1, '2024-03-12 23:30:25', '2024-03-12 23:30:25'),
(723, 2, 80, 1, '2024-03-12 23:31:01', '2024-03-12 23:31:01'),
(724, 1, 80, 1, '2024-03-12 23:31:09', '2024-03-12 23:31:09'),
(725, 2, 81, 1, '2024-03-12 23:31:41', '2024-03-12 23:31:41'),
(726, 1, 81, 1, '2024-03-12 23:31:48', '2024-03-12 23:31:48'),
(727, 2, 76, 1, '2024-03-12 23:32:36', '2024-03-12 23:32:36'),
(728, 1, 76, 1, '2024-03-12 23:32:46', '2024-03-12 23:32:46'),
(729, 2, 77, 1, '2024-03-12 23:33:16', '2024-03-12 23:33:16'),
(730, 1, 77, 1, '2024-03-12 23:33:24', '2024-03-12 23:33:24'),
(731, 2, 9, 1, '2024-03-12 23:34:28', '2024-03-12 23:34:28'),
(732, 2, 12, 1, '2024-03-12 23:35:02', '2024-03-12 23:35:02'),
(733, 1, 12, 1, '2024-03-12 23:35:20', '2024-03-12 23:35:20'),
(734, 2, 16, 1, '2024-03-12 23:35:46', '2024-03-12 23:35:46'),
(735, 1, 16, 1, '2024-03-12 23:35:53', '2024-03-12 23:35:53'),
(736, 2, 10, 1, '2024-03-12 23:36:18', '2024-03-12 23:36:18'),
(737, 1, 10, 1, '2024-03-12 23:36:27', '2024-03-12 23:36:27'),
(738, 2, 83, 1, '2024-03-12 23:36:50', '2024-03-12 23:36:50'),
(739, 1, 83, 1, '2024-03-12 23:36:56', '2024-03-12 23:36:56'),
(741, 2, 59, 3, '2024-03-12 23:37:59', '2024-03-12 23:37:59'),
(742, 2, 69, 2, '2024-03-12 23:38:24', '2024-03-12 23:38:24'),
(743, 2, 60, 2, '2024-03-12 23:38:47', '2024-03-12 23:38:47'),
(744, 2, 67, 2, '2024-03-12 23:39:15', '2024-03-12 23:39:15'),
(745, 2, 65, 2, '2024-03-12 23:39:37', '2024-03-12 23:39:37'),
(746, 2, 66, 2, '2024-03-12 23:39:57', '2024-03-12 23:39:57'),
(747, 2, 72, 4, '2024-03-12 23:40:11', '2024-03-12 23:40:11'),
(748, 2, 74, 5, '2024-03-12 23:40:42', '2024-03-12 23:40:42'),
(749, 2, 75, 4, '2024-03-12 23:41:19', '2024-03-12 23:41:19'),
(750, 2, 70, 3, '2024-03-12 23:41:45', '2024-03-12 23:41:45'),
(751, 2, 73, 3, '2024-03-12 23:42:02', '2024-03-12 23:42:02'),
(752, 2, 68, 3, '2024-03-12 23:42:50', '2024-03-12 23:42:50'),
(753, 2, 71, 3, '2024-03-12 23:43:10', '2024-03-12 23:43:10'),
(754, 2, 25, 2, '2024-03-12 23:43:54', '2024-03-12 23:43:54'),
(755, 83, 25, 600, '2024-03-12 23:44:26', '2024-03-12 23:44:26'),
(756, 66, 25, 60, '2024-03-12 23:44:58', '2024-03-12 23:44:58'),
(757, 30, 25, 10, '2024-03-12 23:45:43', '2024-03-12 23:45:43'),
(758, 71, 25, 30, '2024-03-12 23:46:11', '2024-03-12 23:46:11'),
(759, 31, 25, 50, '2024-03-12 23:46:36', '2024-03-12 23:46:36'),
(760, 83, 26, 120, '2024-03-12 23:47:09', '2024-03-12 23:47:09'),
(761, 2, 26, 1, '2024-03-12 23:47:15', '2024-03-12 23:47:15'),
(762, 2, 23, 1, '2024-03-12 23:47:43', '2024-03-12 23:47:43'),
(763, 83, 23, 200, '2024-03-12 23:48:31', '2024-03-12 23:48:31'),
(764, 1, 3, 1, '2024-03-12 23:49:01', '2024-03-12 23:49:01'),
(765, 2, 4, 1, '2024-03-12 23:49:50', '2024-03-12 23:49:50'),
(766, 1, 4, 1, '2024-03-12 23:50:00', '2024-03-12 23:50:00'),
(767, 83, 20, 200, '2024-03-12 23:50:27', '2024-03-12 23:50:27'),
(768, 2, 20, 1, '2024-03-12 23:50:34', '2024-03-12 23:50:34'),
(769, 2, 5, 1, '2024-03-12 23:51:13', '2024-03-12 23:51:13'),
(770, 1, 5, 1, '2024-03-12 23:51:29', '2024-03-12 23:51:29'),
(771, 2, 7, 1, '2024-03-12 23:51:54', '2024-03-12 23:51:54'),
(772, 1, 7, 1, '2024-03-12 23:52:05', '2024-03-12 23:52:05'),
(773, 83, 7, 120, '2024-03-12 23:52:21', '2024-03-12 23:52:21'),
(774, 2, 6, 1, '2024-03-12 23:53:04', '2024-03-12 23:53:04'),
(775, 1, 6, 1, '2024-03-12 23:53:14', '2024-03-12 23:53:14'),
(776, 83, 6, 120, '2024-03-12 23:53:44', '2024-03-12 23:53:44'),
(777, 2, 8, 1, '2024-03-12 23:54:04', '2024-03-12 23:54:04'),
(778, 1, 8, 1, '2024-03-12 23:54:17', '2024-03-12 23:54:17'),
(779, 83, 8, 120, '2024-03-12 23:54:40', '2024-03-12 23:54:40'),
(780, 2, 2, 1, '2024-03-12 23:58:41', '2024-03-12 23:58:41'),
(781, 1, 2, 1, '2024-03-12 23:58:48', '2024-03-12 23:58:48'),
(782, 2, 82, 1, '2024-03-15 01:22:28', '2024-03-15 01:22:28'),
(783, 1, 82, 1, '2024-03-15 01:22:37', '2024-03-15 01:22:37'),
(784, 66, 82, 45, '2024-03-15 01:23:17', '2024-03-15 01:23:17'),
(785, 2, 20, 1, '2024-03-15 01:27:44', '2024-03-15 01:27:44'),
(786, 56, 87, 1, '2024-03-21 03:18:49', '2024-03-21 03:18:49'),
(787, 66, 87, 30, '2024-03-21 03:19:04', '2024-03-21 03:19:04'),
(788, 2, 87, 1, '2024-03-21 03:19:27', '2024-03-21 03:19:27'),
(789, 30, 87, 20, '2024-03-21 03:19:43', '2024-03-21 03:19:43'),
(790, 83, 87, 120, '2024-03-21 03:20:01', '2024-03-21 03:20:01'),
(791, 49, 87, 100, '2024-03-21 03:20:22', '2024-03-21 03:20:22'),
(792, 86, 87, 1, '2024-03-21 03:21:22', '2024-03-21 03:21:22'),
(793, 16, 87, 100, '2024-03-21 03:27:00', '2024-03-21 03:27:00'),
(794, 56, 88, 1, '2024-03-21 03:31:35', '2024-03-21 03:31:35'),
(795, 83, 88, 120, '2024-03-21 03:32:02', '2024-03-21 03:32:02'),
(796, 2, 88, 1, '2024-03-21 03:32:07', '2024-03-21 03:32:07'),
(797, 6, 88, 100, '2024-03-21 03:32:31', '2024-03-21 03:32:31'),
(798, 30, 88, 20, '2024-03-21 03:32:41', '2024-03-21 03:32:41'),
(799, 49, 88, 100, '2024-03-21 03:32:55', '2024-03-21 03:32:55'),
(800, 86, 88, 1, '2024-03-21 03:33:03', '2024-03-21 03:33:03'),
(801, 56, 89, 1, '2024-03-21 03:35:03', '2024-03-21 03:35:03'),
(802, 83, 89, 120, '2024-03-21 03:35:09', '2024-03-21 03:35:09'),
(803, 17, 89, 100, '2024-03-21 03:35:21', '2024-03-21 03:35:21'),
(804, 2, 89, 1, '2024-03-21 03:35:27', '2024-03-21 03:35:27'),
(805, 30, 89, 20, '2024-03-21 03:35:40', '2024-03-21 03:35:40'),
(806, 6, 89, 100, '2024-03-21 03:35:56', '2024-03-21 03:35:56'),
(807, 49, 89, 100, '2024-03-21 03:36:05', '2024-03-21 03:36:05'),
(808, 86, 89, 1, '2024-03-21 03:36:17', '2024-03-21 03:36:17'),
(809, 56, 90, 1, '2024-03-21 03:37:58', '2024-03-21 03:37:58'),
(810, 83, 90, 120, '2024-03-21 03:38:08', '2024-03-21 03:38:08'),
(811, 16, 90, 100, '2024-03-21 03:38:34', '2024-03-21 03:38:34'),
(812, 6, 90, 100, '2024-03-21 03:38:46', '2024-03-21 03:38:46'),
(813, 28, 90, 1, '2024-03-21 03:38:55', '2024-03-21 03:38:55'),
(814, 30, 90, 20, '2024-03-21 03:39:09', '2024-03-21 03:39:09'),
(815, 2, 90, 1, '2024-03-21 03:39:20', '2024-03-21 03:39:20'),
(817, 49, 90, 100, '2024-03-21 03:39:44', '2024-03-21 03:39:44'),
(818, 56, 91, 1, '2024-03-21 03:40:38', '2024-03-21 03:40:38'),
(819, 83, 91, 120, '2024-03-21 03:40:45', '2024-03-21 03:40:45'),
(820, 6, 91, 100, '2024-03-21 03:41:02', '2024-03-21 03:41:02'),
(821, 2, 91, 1, '2024-03-21 03:41:06', '2024-03-21 03:41:06'),
(822, 30, 91, 20, '2024-03-21 03:41:11', '2024-03-21 03:41:11'),
(823, 86, 91, 1, '2024-03-21 03:41:27', '2024-03-21 03:41:27'),
(824, 49, 91, 100, '2024-03-21 03:41:35', '2024-03-21 03:41:35'),
(825, 56, 92, 1, '2024-03-21 03:42:24', '2024-03-21 03:42:24'),
(827, 83, 92, 240, '2024-03-21 03:42:47', '2024-03-21 03:42:47'),
(828, 6, 92, 100, '2024-03-21 03:43:03', '2024-03-21 03:43:03'),
(829, 2, 92, 1, '2024-03-21 03:43:13', '2024-03-21 03:43:13'),
(830, 30, 92, 20, '2024-03-21 03:43:20', '2024-03-21 03:43:20'),
(831, 86, 92, 1, '2024-03-21 03:43:25', '2024-03-21 03:43:25'),
(832, 49, 92, 100, '2024-03-21 03:43:30', '2024-03-21 03:43:30');

-- --------------------------------------------------------

--
-- Estrutura para tabela `itens_acessorios`
--

CREATE TABLE `itens_acessorios` (
  `id` bigint(20) UNSIGNED NOT NULL,
  `id_acessorio` int(10) UNSIGNED NOT NULL,
  `id_produto` int(10) UNSIGNED NOT NULL,
  `qtd` int(11) NOT NULL,
  `created_at` timestamp NULL DEFAULT NULL,
  `updated_at` timestamp NULL DEFAULT NULL
) ENGINE=InnoDB DEFAULT CHARSET=utf8mb4 COLLATE=utf8mb4_unicode_ci;

--
-- Despejando dados para a tabela `itens_acessorios`
--

INSERT INTO `itens_acessorios` (`id`, `id_acessorio`, `id_produto`, `qtd`, `created_at`, `updated_at`) VALUES
(1, 1, 1, 1, '2021-11-04 01:30:26', '2021-11-04 01:30:26'),
(4, 3, 1, 1, '2021-11-04 15:32:59', '2021-11-04 15:32:59'),
(6, 9, 1, 2, '2021-11-08 21:30:31', '2021-11-08 21:30:31'),
(7, 10, 1, 1, '2021-11-08 21:30:45', '2021-11-08 21:30:45'),
(8, 11, 1, 2, '2021-11-08 21:30:57', '2021-11-08 21:30:57'),
(9, 12, 1, 1, '2021-11-08 21:31:09', '2021-11-08 21:31:09'),
(10, 9, 50, 4, '2021-11-11 03:32:16', '2021-11-11 03:32:16'),
(11, 10, 50, 4, '2021-11-11 03:32:28', '2021-11-11 03:32:28'),
(12, 11, 50, 4, '2021-11-11 03:32:38', '2021-11-11 03:32:38'),
(13, 12, 50, 4, '2021-11-11 03:32:47', '2021-11-11 03:32:47'),
(14, 16, 1, 1, '2021-11-15 02:43:03', '2021-11-15 02:43:03'),
(16, 20, 34, 1, '2021-11-15 04:08:36', '2021-11-15 04:08:36'),
(17, 9, 18, 2, '2021-11-18 21:48:53', '2021-11-18 21:48:53'),
(18, 10, 18, 2, '2021-11-18 21:49:04', '2021-11-18 21:49:04'),
(19, 11, 18, 2, '2021-11-18 21:49:10', '2021-11-18 21:49:10'),
(20, 12, 18, 1, '2021-11-18 21:49:20', '2021-11-18 21:49:20'),
(21, 16, 18, 1, '2021-11-18 21:49:46', '2021-11-18 21:49:46'),
(22, 3, 18, 1, '2021-11-18 21:50:04', '2021-11-18 21:50:04'),
(23, 1, 18, 1, '2021-11-18 21:52:03', '2021-11-18 21:52:03'),
(24, 1, 11, 1, '2021-11-18 21:55:32', '2021-11-18 21:55:32'),
(25, 3, 11, 1, '2021-11-18 21:55:39', '2021-11-18 21:55:39'),
(26, 10, 11, 2, '2021-11-18 21:55:52', '2021-11-18 21:55:52'),
(27, 9, 11, 2, '2021-11-18 21:56:00', '2021-11-18 21:56:00'),
(28, 11, 11, 2, '2021-11-18 21:56:09', '2021-11-18 21:56:09'),
(29, 12, 11, 1, '2021-11-18 21:56:20', '2021-11-18 21:56:20'),
(37, 9, 9, 2, '2021-11-18 23:19:47', '2021-11-18 23:19:47'),
(38, 10, 9, 2, '2021-11-18 23:19:47', '2021-11-18 23:19:47'),
(39, 11, 9, 2, '2021-11-18 23:19:47', '2021-11-18 23:19:47'),
(40, 12, 9, 1, '2021-11-18 23:19:47', '2021-11-18 23:19:47'),
(41, 16, 9, 1, '2021-11-18 23:19:47', '2021-11-18 23:19:47'),
(42, 3, 9, 1, '2021-11-18 23:19:47', '2021-11-18 23:19:47'),
(43, 1, 9, 1, '2021-11-18 23:19:47', '2021-11-18 23:19:47'),
(44, 1, 17, 1, '2021-11-18 23:21:33', '2021-11-18 23:21:33'),
(45, 3, 17, 1, '2021-11-18 23:21:33', '2021-11-18 23:21:33'),
(46, 9, 17, 2, '2021-11-18 23:21:33', '2021-11-18 23:21:33'),
(47, 10, 17, 1, '2021-11-18 23:21:33', '2021-11-18 23:21:33'),
(48, 11, 17, 2, '2021-11-18 23:21:33', '2021-11-18 23:21:33'),
(49, 12, 17, 1, '2021-11-18 23:21:33', '2021-11-18 23:21:33'),
(50, 16, 17, 1, '2021-11-18 23:21:33', '2021-11-18 23:21:33'),
(51, 1, 12, 1, '2021-11-18 23:22:08', '2021-11-18 23:22:08'),
(52, 3, 12, 1, '2021-11-18 23:22:08', '2021-11-18 23:22:08'),
(53, 9, 12, 2, '2021-11-18 23:22:08', '2021-11-18 23:22:08'),
(54, 10, 12, 1, '2021-11-18 23:22:08', '2021-11-18 23:22:08'),
(55, 11, 12, 2, '2021-11-18 23:22:08', '2021-11-18 23:22:08'),
(56, 12, 12, 1, '2021-11-18 23:22:08', '2021-11-18 23:22:08'),
(57, 16, 12, 1, '2021-11-18 23:22:08', '2021-11-18 23:22:08'),
(58, 1, 13, 1, '2021-11-18 23:27:57', '2021-11-18 23:27:57'),
(59, 3, 13, 1, '2021-11-18 23:27:57', '2021-11-18 23:27:57'),
(60, 9, 13, 2, '2021-11-18 23:27:57', '2021-11-18 23:27:57'),
(61, 10, 13, 1, '2021-11-18 23:27:57', '2021-11-18 23:27:57'),
(62, 11, 13, 2, '2021-11-18 23:27:57', '2021-11-18 23:27:57'),
(63, 12, 13, 1, '2021-11-18 23:27:57', '2021-11-18 23:27:57'),
(64, 16, 13, 1, '2021-11-18 23:27:57', '2021-11-18 23:27:57'),
(65, 1, 16, 1, '2021-11-18 23:28:16', '2021-11-18 23:28:16'),
(66, 3, 16, 1, '2021-11-18 23:28:16', '2021-11-18 23:28:16'),
(67, 9, 16, 2, '2021-11-18 23:28:16', '2021-11-18 23:28:16'),
(68, 10, 16, 1, '2021-11-18 23:28:16', '2021-11-18 23:28:16'),
(69, 11, 16, 2, '2021-11-18 23:28:16', '2021-11-18 23:28:16'),
(70, 12, 16, 1, '2021-11-18 23:28:16', '2021-11-18 23:28:16'),
(71, 16, 16, 1, '2021-11-18 23:28:16', '2021-11-18 23:28:16'),
(72, 1, 10, 1, '2021-11-18 23:28:47', '2021-11-18 23:28:47'),
(73, 3, 10, 1, '2021-11-18 23:28:47', '2021-11-18 23:28:47'),
(74, 9, 10, 2, '2021-11-18 23:28:47', '2021-11-18 23:28:47'),
(75, 10, 10, 1, '2021-11-18 23:28:47', '2021-11-18 23:28:47'),
(76, 11, 10, 2, '2021-11-18 23:28:47', '2021-11-18 23:28:47'),
(77, 12, 10, 1, '2021-11-18 23:28:47', '2021-11-18 23:28:47'),
(78, 16, 10, 1, '2021-11-18 23:28:47', '2021-11-18 23:28:47'),
(79, 1, 14, 1, '2021-11-18 23:29:00', '2021-11-18 23:29:00'),
(80, 3, 14, 1, '2021-11-18 23:29:00', '2021-11-18 23:29:00'),
(81, 9, 14, 2, '2021-11-18 23:29:00', '2021-11-18 23:29:00'),
(82, 10, 14, 1, '2021-11-18 23:29:00', '2021-11-18 23:29:00'),
(83, 11, 14, 2, '2021-11-18 23:29:00', '2021-11-18 23:29:00'),
(84, 12, 14, 1, '2021-11-18 23:29:00', '2021-11-18 23:29:00'),
(85, 16, 14, 1, '2021-11-18 23:29:00', '2021-11-18 23:29:00'),
(94, 1, 2, 1, '2021-11-18 23:31:33', '2021-11-18 23:31:33'),
(95, 3, 2, 1, '2021-11-18 23:31:33', '2021-11-18 23:31:33'),
(96, 9, 2, 2, '2021-11-18 23:31:33', '2021-11-18 23:31:33'),
(97, 10, 2, 1, '2021-11-18 23:31:33', '2021-11-18 23:31:33'),
(98, 11, 2, 2, '2021-11-18 23:31:33', '2021-11-18 23:31:33'),
(99, 12, 2, 1, '2021-11-18 23:31:33', '2021-11-18 23:31:33'),
(100, 16, 2, 1, '2021-11-18 23:31:33', '2021-11-18 23:31:33'),
(101, 1, 15, 1, '2021-11-18 23:32:10', '2021-11-18 23:32:10'),
(102, 3, 15, 1, '2021-11-18 23:32:10', '2021-11-18 23:32:10'),
(103, 9, 15, 2, '2021-11-18 23:32:10', '2021-11-18 23:32:10'),
(104, 10, 15, 1, '2021-11-18 23:32:10', '2021-11-18 23:32:10'),
(105, 11, 15, 2, '2021-11-18 23:32:10', '2021-11-18 23:32:10'),
(106, 12, 15, 1, '2021-11-18 23:32:10', '2021-11-18 23:32:10'),
(107, 16, 15, 1, '2021-11-18 23:32:10', '2021-11-18 23:32:10'),
(108, 1, 3, 1, '2021-11-18 23:32:45', '2021-11-18 23:32:45'),
(109, 3, 3, 1, '2021-11-18 23:32:45', '2021-11-18 23:32:45'),
(110, 9, 3, 2, '2021-11-18 23:32:45', '2021-11-18 23:32:45'),
(111, 10, 3, 1, '2021-11-18 23:32:45', '2021-11-18 23:32:45'),
(112, 11, 3, 2, '2021-11-18 23:32:45', '2021-11-18 23:32:45'),
(113, 12, 3, 1, '2021-11-18 23:32:45', '2021-11-18 23:32:45'),
(114, 16, 3, 1, '2021-11-18 23:32:45', '2021-11-18 23:32:45'),
(115, 1, 4, 1, '2021-11-18 23:33:01', '2021-11-18 23:33:01'),
(116, 3, 4, 1, '2021-11-18 23:33:01', '2021-11-18 23:33:01'),
(117, 9, 4, 2, '2021-11-18 23:33:02', '2021-11-18 23:33:02'),
(118, 10, 4, 1, '2021-11-18 23:33:02', '2021-11-18 23:33:02'),
(119, 11, 4, 2, '2021-11-18 23:33:02', '2021-11-18 23:33:02'),
(120, 12, 4, 1, '2021-11-18 23:33:02', '2021-11-18 23:33:02'),
(121, 16, 4, 1, '2021-11-18 23:33:02', '2021-11-18 23:33:02'),
(122, 1, 19, 2, '2021-11-18 23:33:32', '2021-11-18 23:33:32'),
(123, 9, 19, 4, '2021-11-18 23:33:50', '2021-11-18 23:33:50'),
(124, 10, 19, 4, '2021-11-18 23:34:02', '2021-11-18 23:34:02'),
(125, 11, 19, 4, '2021-11-18 23:34:09', '2021-11-18 23:34:09'),
(126, 12, 19, 4, '2021-11-18 23:34:19', '2021-11-18 23:34:19'),
(127, 16, 19, 1, '2021-11-18 23:34:55', '2021-11-18 23:34:55'),
(128, 3, 19, 2, '2021-11-18 23:35:08', '2021-11-18 23:35:08'),
(129, 1, 5, 1, '2021-11-18 23:35:57', '2021-11-18 23:35:57'),
(130, 3, 5, 1, '2021-11-18 23:35:57', '2021-11-18 23:35:57'),
(131, 9, 5, 2, '2021-11-18 23:35:57', '2021-11-18 23:35:57'),
(132, 10, 5, 1, '2021-11-18 23:35:57', '2021-11-18 23:35:57'),
(133, 11, 5, 2, '2021-11-18 23:35:57', '2021-11-18 23:35:57'),
(134, 12, 5, 1, '2021-11-18 23:35:57', '2021-11-18 23:35:57'),
(135, 16, 5, 1, '2021-11-18 23:35:57', '2021-11-18 23:35:57'),
(136, 1, 7, 1, '2021-11-18 23:36:18', '2021-11-18 23:36:18'),
(137, 3, 7, 1, '2021-11-18 23:36:18', '2021-11-18 23:36:18'),
(138, 9, 7, 2, '2021-11-18 23:36:18', '2021-11-18 23:36:18'),
(139, 10, 7, 1, '2021-11-18 23:36:18', '2021-11-18 23:36:18'),
(140, 11, 7, 2, '2021-11-18 23:36:18', '2021-11-18 23:36:18'),
(141, 12, 7, 1, '2021-11-18 23:36:18', '2021-11-18 23:36:18'),
(142, 16, 7, 1, '2021-11-18 23:36:18', '2021-11-18 23:36:18'),
(143, 1, 6, 1, '2021-11-18 23:36:27', '2021-11-18 23:36:27'),
(144, 3, 6, 1, '2021-11-18 23:36:27', '2021-11-18 23:36:27'),
(145, 9, 6, 2, '2021-11-18 23:36:27', '2021-11-18 23:36:27'),
(146, 10, 6, 1, '2021-11-18 23:36:27', '2021-11-18 23:36:27'),
(147, 11, 6, 2, '2021-11-18 23:36:27', '2021-11-18 23:36:27'),
(148, 12, 6, 1, '2021-11-18 23:36:27', '2021-11-18 23:36:27'),
(149, 16, 6, 1, '2021-11-18 23:36:27', '2021-11-18 23:36:27'),
(150, 1, 8, 1, '2021-11-18 23:36:33', '2021-11-18 23:36:33'),
(151, 3, 8, 1, '2021-11-18 23:36:33', '2021-11-18 23:36:33'),
(152, 9, 8, 2, '2021-11-18 23:36:33', '2021-11-18 23:36:33'),
(153, 10, 8, 1, '2021-11-18 23:36:33', '2021-11-18 23:36:33'),
(154, 11, 8, 2, '2021-11-18 23:36:33', '2021-11-18 23:36:33'),
(155, 12, 8, 1, '2021-11-18 23:36:33', '2021-11-18 23:36:33'),
(156, 16, 8, 1, '2021-11-18 23:36:33', '2021-11-18 23:36:33'),
(157, 20, 40, 1, '2021-11-19 03:17:10', '2021-11-19 03:17:10'),
(158, 14, 50, 3, '2021-11-19 03:18:16', '2021-11-19 03:18:16'),
(159, 15, 50, 3, '2021-11-19 03:18:27', '2021-11-19 03:18:27'),
(160, 21, 50, 1, '2021-11-19 03:21:38', '2021-11-19 03:21:38'),
(161, 17, 50, 1, '2021-11-19 03:22:24', '2021-11-19 03:22:24'),
(162, 9, 51, 4, '2021-11-19 03:23:20', '2021-11-19 03:23:20'),
(163, 10, 51, 4, '2021-11-19 03:23:20', '2021-11-19 03:23:20'),
(164, 11, 51, 4, '2021-11-19 03:23:20', '2021-11-19 03:23:20'),
(165, 12, 51, 4, '2021-11-19 03:23:20', '2021-11-19 03:23:20'),
(166, 14, 51, 3, '2021-11-19 03:23:20', '2021-11-19 03:23:20'),
(167, 15, 51, 3, '2021-11-19 03:23:20', '2021-11-19 03:23:20'),
(168, 21, 51, 1, '2021-11-19 03:23:20', '2021-11-19 03:23:20'),
(169, 17, 51, 1, '2021-11-19 03:23:20', '2021-11-19 03:23:20'),
(174, 14, 52, 3, '2021-11-19 03:27:34', '2021-11-19 03:27:34'),
(175, 15, 52, 3, '2021-11-19 03:27:34', '2021-11-19 03:27:34'),
(176, 21, 52, 1, '2021-11-19 03:27:34', '2021-11-19 03:27:34'),
(177, 17, 52, 1, '2021-11-19 03:27:34', '2021-11-19 03:27:34'),
(178, 20, 36, 1, '2021-11-19 03:28:21', '2021-11-19 03:28:21'),
(179, 20, 42, 1, '2021-11-19 03:28:44', '2021-11-19 03:28:44'),
(180, 21, 53, 1, '2021-11-19 03:29:22', '2021-11-19 03:29:22'),
(181, 3, 53, 2, '2021-11-19 03:29:33', '2021-11-19 03:29:33'),
(182, 14, 53, 2, '2021-11-19 03:30:01', '2021-11-19 03:30:01'),
(183, 15, 53, 2, '2021-11-19 03:30:07', '2021-11-19 03:30:07'),
(184, 20, 53, 1, '2021-11-19 03:30:34', '2021-11-19 03:30:34'),
(185, 19, 31, 1, '2021-11-19 03:35:45', '2021-11-19 03:35:45'),
(186, 16, 31, 1, '2021-11-19 03:35:59', '2021-11-19 03:35:59'),
(187, 9, 31, 2, '2021-11-19 03:36:07', '2021-11-19 03:36:07'),
(188, 10, 31, 2, '2021-11-19 03:36:16', '2021-11-19 03:36:16'),
(189, 11, 31, 2, '2021-11-19 03:36:22', '2021-11-19 03:36:22'),
(190, 12, 31, 1, '2021-11-19 03:36:29', '2021-11-19 03:36:29'),
(191, 19, 30, 1, '2021-11-19 03:37:08', '2021-11-19 03:37:08'),
(192, 16, 30, 1, '2021-11-19 03:37:08', '2021-11-19 03:37:08'),
(193, 9, 30, 2, '2021-11-19 03:37:08', '2021-11-19 03:37:08'),
(194, 10, 30, 2, '2021-11-19 03:37:08', '2021-11-19 03:37:08'),
(195, 11, 30, 2, '2021-11-19 03:37:08', '2021-11-19 03:37:08'),
(196, 12, 30, 1, '2021-11-19 03:37:08', '2021-11-19 03:37:08'),
(197, 19, 29, 1, '2021-11-19 03:38:18', '2021-11-19 03:38:18'),
(198, 16, 29, 1, '2021-11-19 03:38:18', '2021-11-19 03:38:18'),
(199, 9, 29, 2, '2021-11-19 03:38:18', '2021-11-19 03:38:18'),
(200, 10, 29, 2, '2021-11-19 03:38:18', '2021-11-19 03:38:18'),
(201, 11, 29, 2, '2021-11-19 03:38:18', '2021-11-19 03:38:18'),
(202, 12, 29, 1, '2021-11-19 03:38:18', '2021-11-19 03:38:18'),
(203, 20, 35, 1, '2021-11-19 03:38:37', '2021-11-19 03:38:37'),
(204, 3, 25, 2, '2021-11-19 03:51:27', '2021-11-19 03:51:27'),
(205, 22, 25, 1, '2021-11-19 03:51:34', '2021-11-19 03:51:34'),
(206, 9, 25, 2, '2021-11-19 03:52:06', '2021-11-19 03:52:06'),
(207, 10, 25, 2, '2021-11-19 03:52:13', '2021-11-19 03:52:13'),
(208, 11, 25, 2, '2021-11-19 03:52:18', '2021-11-19 03:52:18'),
(209, 12, 25, 2, '2021-11-19 03:52:24', '2021-11-19 03:52:24'),
(210, 3, 26, 1, '2021-11-19 03:53:00', '2021-11-19 03:53:00'),
(211, 22, 26, 1, '2021-11-19 03:53:06', '2021-11-19 03:53:06'),
(212, 9, 26, 2, '2021-11-19 03:53:17', '2021-11-19 03:53:17'),
(213, 10, 26, 1, '2021-11-19 03:53:25', '2021-11-19 03:53:25'),
(214, 11, 26, 1, '2021-11-19 03:53:37', '2021-11-19 03:53:37'),
(215, 12, 26, 1, '2021-11-19 03:53:45', '2021-11-19 03:53:45'),
(216, 3, 27, 2, '2021-11-19 03:54:19', '2021-11-19 03:54:19'),
(217, 22, 27, 1, '2021-11-19 03:54:19', '2021-11-19 03:54:19'),
(218, 9, 27, 2, '2021-11-19 03:54:19', '2021-11-19 03:54:19'),
(219, 10, 27, 2, '2021-11-19 03:54:19', '2021-11-19 03:54:19'),
(220, 11, 27, 2, '2021-11-19 03:54:19', '2021-11-19 03:54:19'),
(221, 12, 27, 2, '2021-11-19 03:54:19', '2021-11-19 03:54:19'),
(222, 20, 45, 1, '2021-11-19 03:54:51', '2021-11-19 03:54:51'),
(223, 18, 45, 1, '2021-11-19 03:55:02', '2021-11-19 03:55:02'),
(224, 20, 38, 1, '2021-11-19 03:57:34', '2021-11-19 03:57:34'),
(225, 20, 39, 1, '2021-11-19 03:58:03', '2021-11-19 03:58:03'),
(227, 20, 44, 2, '2021-11-19 03:58:41', '2021-11-19 03:58:41'),
(228, 20, 33, 1, '2021-11-19 03:59:10', '2021-11-19 03:59:10'),
(229, 20, 41, 1, '2021-11-19 03:59:34', '2021-11-19 03:59:34'),
(230, 23, 45, 1, '2021-11-19 03:59:47', '2021-11-19 03:59:47'),
(231, 20, 46, 1, '2021-11-19 04:00:31', '2021-11-19 04:00:31'),
(232, 18, 46, 1, '2021-11-19 04:00:31', '2021-11-19 04:00:31'),
(233, 23, 46, 1, '2021-11-19 04:00:31', '2021-11-19 04:00:31'),
(234, 20, 48, 1, '2021-11-19 04:00:52', '2021-11-19 04:00:52'),
(235, 18, 48, 1, '2021-11-19 04:00:52', '2021-11-19 04:00:52'),
(236, 23, 48, 1, '2021-11-19 04:00:52', '2021-11-19 04:00:52'),
(237, 20, 49, 1, '2021-11-19 04:01:07', '2021-11-19 04:01:07'),
(238, 18, 49, 1, '2021-11-19 04:01:07', '2021-11-19 04:01:07'),
(239, 23, 49, 1, '2021-11-19 04:01:07', '2021-11-19 04:01:07'),
(240, 20, 47, 1, '2021-11-19 04:01:23', '2021-11-19 04:01:23'),
(241, 18, 47, 1, '2021-11-19 04:01:23', '2021-11-19 04:01:23'),
(242, 23, 47, 1, '2021-11-19 04:01:23', '2021-11-19 04:01:23'),
(243, 20, 43, 1, '2021-11-19 04:01:40', '2021-11-19 04:01:40'),
(244, 3, 23, 2, '2021-11-19 04:02:02', '2021-11-19 04:02:02'),
(245, 22, 23, 1, '2021-11-19 04:02:02', '2021-11-19 04:02:02'),
(246, 9, 23, 2, '2021-11-19 04:02:02', '2021-11-19 04:02:02'),
(247, 10, 23, 2, '2021-11-19 04:02:02', '2021-11-19 04:02:02'),
(248, 11, 23, 2, '2021-11-19 04:02:02', '2021-11-19 04:02:02'),
(249, 12, 23, 2, '2021-11-19 04:02:02', '2021-11-19 04:02:02'),
(251, 3, 20, 1, '2021-11-19 04:02:37', '2021-11-19 04:02:37'),
(252, 22, 20, 1, '2021-11-19 04:02:37', '2021-11-19 04:02:37'),
(253, 9, 20, 2, '2021-11-19 04:02:37', '2021-11-19 04:02:37'),
(254, 10, 20, 1, '2021-11-19 04:02:37', '2021-11-19 04:02:37'),
(255, 11, 20, 1, '2021-11-19 04:02:37', '2021-11-19 04:02:37'),
(256, 12, 20, 1, '2021-11-19 04:02:37', '2021-11-19 04:02:37'),
(257, 3, 22, 1, '2021-11-19 04:02:58', '2021-11-19 04:02:58'),
(258, 22, 22, 1, '2021-11-19 04:02:58', '2021-11-19 04:02:58'),
(259, 9, 22, 2, '2021-11-19 04:02:58', '2021-11-19 04:02:58'),
(260, 10, 22, 1, '2021-11-19 04:02:58', '2021-11-19 04:02:58'),
(261, 11, 22, 1, '2021-11-19 04:02:58', '2021-11-19 04:02:58'),
(262, 12, 22, 1, '2021-11-19 04:02:58', '2021-11-19 04:02:58'),
(263, 3, 21, 1, '2021-11-19 04:03:18', '2021-11-19 04:03:18'),
(264, 22, 21, 1, '2021-11-19 04:03:18', '2021-11-19 04:03:18'),
(265, 9, 21, 2, '2021-11-19 04:03:18', '2021-11-19 04:03:18'),
(266, 10, 21, 1, '2021-11-19 04:03:18', '2021-11-19 04:03:18'),
(267, 11, 21, 1, '2021-11-19 04:03:18', '2021-11-19 04:03:18'),
(268, 12, 21, 1, '2021-11-19 04:03:18', '2021-11-19 04:03:18'),
(269, 3, 24, 1, '2021-11-19 04:03:37', '2021-11-19 04:03:37'),
(270, 22, 24, 1, '2021-11-19 04:03:37', '2021-11-19 04:03:37'),
(271, 9, 24, 2, '2021-11-19 04:03:37', '2021-11-19 04:03:37'),
(272, 10, 24, 1, '2021-11-19 04:03:37', '2021-11-19 04:03:37'),
(273, 11, 24, 1, '2021-11-19 04:03:37', '2021-11-19 04:03:37'),
(274, 12, 24, 1, '2021-11-19 04:03:37', '2021-11-19 04:03:37'),
(275, 3, 28, 1, '2021-11-19 04:03:52', '2021-11-19 04:03:52'),
(276, 22, 28, 1, '2021-11-19 04:03:52', '2021-11-19 04:03:52'),
(277, 9, 28, 2, '2021-11-19 04:03:52', '2021-11-19 04:03:52'),
(278, 10, 28, 1, '2021-11-19 04:03:52', '2021-11-19 04:03:52'),
(279, 11, 28, 1, '2021-11-19 04:03:52', '2021-11-19 04:03:52'),
(280, 12, 28, 1, '2021-11-19 04:03:52', '2021-11-19 04:03:52'),
(281, 24, 40, 1, '2021-11-19 04:07:31', '2021-11-19 04:07:31'),
(282, 24, 36, 1, '2021-11-19 04:08:17', '2021-11-19 04:08:17'),
(283, 24, 42, 1, '2021-11-19 04:08:31', '2021-11-19 04:08:31'),
(284, 24, 35, 1, '2021-11-19 04:08:52', '2021-11-19 04:08:52'),
(285, 24, 33, 1, '2021-11-19 04:09:05', '2021-11-19 04:09:05'),
(286, 24, 37, 1, '2021-11-19 04:09:25', '2021-11-19 04:09:25'),
(287, 20, 37, 2, '2021-11-19 04:09:37', '2021-11-19 04:09:37'),
(288, 24, 38, 1, '2021-11-19 04:09:57', '2021-11-19 04:09:57'),
(289, 24, 39, 1, '2021-11-19 04:10:05', '2021-11-19 04:10:05'),
(290, 24, 44, 1, '2021-11-19 04:10:17', '2021-11-19 04:10:17'),
(291, 24, 45, 1, '2021-11-19 04:10:30', '2021-11-19 04:10:30'),
(292, 24, 46, 1, '2021-11-19 04:10:39', '2021-11-19 04:10:39'),
(293, 24, 48, 1, '2021-11-19 04:10:47', '2021-11-19 04:10:47'),
(294, 24, 49, 1, '2021-11-19 04:10:54', '2021-11-19 04:10:54'),
(295, 24, 47, 1, '2021-11-19 04:11:04', '2021-11-19 04:11:04'),
(296, 24, 43, 1, '2021-11-19 04:11:16', '2021-11-19 04:11:16'),
(297, 24, 34, 1, '2021-11-19 04:11:42', '2021-11-19 04:11:42'),
(298, 20, 32, 2, '2022-01-28 03:03:48', '2022-01-28 03:03:48'),
(299, 9, 59, 3, '2024-02-17 03:18:35', '2024-02-17 03:18:35'),
(300, 10, 59, 3, '2024-02-17 03:18:49', '2024-02-17 03:18:49'),
(301, 12, 59, 3, '2024-02-17 03:18:57', '2024-02-17 03:18:57'),
(302, 11, 59, 3, '2024-02-17 03:19:07', '2024-02-17 03:19:07'),
(303, 17, 59, 1, '2024-02-17 03:19:46', '2024-02-17 03:19:46'),
(304, 18, 55, 1, '2024-02-18 03:31:54', '2024-02-18 03:31:54'),
(305, 26, 59, 1, '2024-02-21 01:19:43', '2024-02-21 01:19:43'),
(306, 26, 69, 1, '2024-02-24 03:54:32', '2024-02-24 03:54:32'),
(307, 17, 69, 1, '2024-02-24 03:58:30', '2024-02-24 03:58:30'),
(308, 9, 69, 2, '2024-02-24 03:58:41', '2024-02-24 03:58:41'),
(309, 11, 69, 2, '2024-02-24 03:58:48', '2024-02-24 03:58:48'),
(310, 10, 69, 2, '2024-02-24 03:58:54', '2024-02-24 03:58:54'),
(311, 12, 69, 2, '2024-02-24 03:59:04', '2024-02-24 03:59:04'),
(312, 26, 60, 1, '2024-02-24 04:11:25', '2024-02-24 04:11:25'),
(313, 17, 60, 1, '2024-02-24 04:11:36', '2024-02-24 04:11:36'),
(314, 9, 60, 2, '2024-02-24 04:11:46', '2024-02-24 04:11:46'),
(315, 11, 60, 2, '2024-02-24 04:11:58', '2024-02-24 04:11:58'),
(316, 12, 60, 2, '2024-02-24 04:12:06', '2024-02-24 04:12:06'),
(317, 10, 60, 2, '2024-02-24 04:12:26', '2024-02-24 04:12:26'),
(324, 26, 67, 1, '2024-02-24 04:25:34', '2024-02-24 04:25:34'),
(325, 17, 67, 1, '2024-02-24 04:25:34', '2024-02-24 04:25:34'),
(326, 9, 67, 2, '2024-02-24 04:25:34', '2024-02-24 04:25:34'),
(327, 11, 67, 2, '2024-02-24 04:25:34', '2024-02-24 04:25:34'),
(328, 12, 67, 2, '2024-02-24 04:25:34', '2024-02-24 04:25:34'),
(329, 10, 67, 2, '2024-02-24 04:25:34', '2024-02-24 04:25:34'),
(330, 26, 65, 1, '2024-02-24 04:31:49', '2024-02-24 04:31:49'),
(331, 17, 65, 1, '2024-02-24 04:31:49', '2024-02-24 04:31:49'),
(332, 9, 65, 2, '2024-02-24 04:31:49', '2024-02-24 04:31:49'),
(333, 11, 65, 2, '2024-02-24 04:31:49', '2024-02-24 04:31:49'),
(334, 12, 65, 2, '2024-02-24 04:31:49', '2024-02-24 04:31:49'),
(335, 10, 65, 2, '2024-02-24 04:31:49', '2024-02-24 04:31:49'),
(336, 26, 66, 1, '2024-02-25 23:18:26', '2024-02-25 23:18:26'),
(337, 17, 66, 1, '2024-02-25 23:18:26', '2024-02-25 23:18:26'),
(338, 9, 66, 2, '2024-02-25 23:18:26', '2024-02-25 23:18:26'),
(339, 11, 66, 2, '2024-02-25 23:18:26', '2024-02-25 23:18:26'),
(340, 12, 66, 2, '2024-02-25 23:18:26', '2024-02-25 23:18:26'),
(341, 10, 66, 2, '2024-02-25 23:18:26', '2024-02-25 23:18:26'),
(342, 21, 72, 1, '2024-02-25 23:31:33', '2024-02-25 23:31:33'),
(343, 17, 72, 1, '2024-02-25 23:31:44', '2024-02-25 23:31:44'),
(344, 9, 72, 4, '2024-02-25 23:31:53', '2024-02-25 23:31:53'),
(345, 11, 72, 4, '2024-02-25 23:32:04', '2024-02-25 23:32:04'),
(346, 12, 72, 4, '2024-02-25 23:32:15', '2024-02-25 23:32:15'),
(347, 10, 72, 4, '2024-02-25 23:32:24', '2024-02-25 23:32:24'),
(349, 3, 72, 3, '2024-02-25 23:33:39', '2024-02-25 23:33:39'),
(350, 4, 72, 1, '2024-02-25 23:34:13', '2024-02-25 23:34:13'),
(351, 21, 74, 1, '2024-02-25 23:47:30', '2024-02-25 23:47:30'),
(352, 17, 74, 1, '2024-02-25 23:47:46', '2024-02-25 23:47:46'),
(353, 3, 74, 3, '2024-02-25 23:48:10', '2024-02-25 23:48:10'),
(354, 9, 74, 5, '2024-02-25 23:48:20', '2024-02-25 23:48:20'),
(355, 11, 74, 5, '2024-02-25 23:48:28', '2024-02-25 23:48:28'),
(356, 12, 74, 5, '2024-02-25 23:48:35', '2024-02-25 23:48:35'),
(357, 10, 74, 5, '2024-02-25 23:48:42', '2024-02-25 23:48:42'),
(358, 21, 75, 1, '2024-02-25 23:59:32', '2024-02-25 23:59:32'),
(359, 17, 75, 1, '2024-02-25 23:59:32', '2024-02-25 23:59:32'),
(360, 9, 75, 4, '2024-02-25 23:59:32', '2024-02-25 23:59:32'),
(361, 11, 75, 4, '2024-02-25 23:59:32', '2024-02-25 23:59:32'),
(362, 12, 75, 4, '2024-02-25 23:59:32', '2024-02-25 23:59:32'),
(363, 10, 75, 4, '2024-02-25 23:59:32', '2024-02-25 23:59:32'),
(364, 3, 75, 3, '2024-02-25 23:59:32', '2024-02-25 23:59:32'),
(365, 4, 75, 1, '2024-02-25 23:59:32', '2024-02-25 23:59:32'),
(366, 21, 70, 1, '2024-02-26 00:06:55', '2024-02-26 00:06:55'),
(367, 3, 70, 3, '2024-02-26 00:08:02', '2024-02-26 00:08:02'),
(368, 17, 70, 1, '2024-02-26 00:08:10', '2024-02-26 00:08:10'),
(369, 9, 70, 3, '2024-02-26 00:08:26', '2024-02-26 00:08:26'),
(370, 11, 70, 3, '2024-02-26 00:08:31', '2024-02-26 00:08:31'),
(371, 12, 70, 3, '2024-02-26 00:08:45', '2024-02-26 00:08:45'),
(372, 10, 70, 3, '2024-02-26 00:08:53', '2024-02-26 00:08:53'),
(373, 4, 70, 1, '2024-02-26 00:09:10', '2024-02-26 00:09:10'),
(374, 9, 73, 3, '2024-02-26 00:38:41', '2024-02-26 00:38:41'),
(375, 10, 73, 3, '2024-02-26 00:38:41', '2024-02-26 00:38:41'),
(376, 12, 73, 3, '2024-02-26 00:38:41', '2024-02-26 00:38:41'),
(377, 11, 73, 3, '2024-02-26 00:38:41', '2024-02-26 00:38:41'),
(378, 17, 73, 1, '2024-02-26 00:38:41', '2024-02-26 00:38:41'),
(379, 26, 73, 1, '2024-02-26 00:38:41', '2024-02-26 00:38:41'),
(380, 4, 73, 1, '2024-02-26 00:38:57', '2024-02-26 00:38:57'),
(381, 3, 73, 3, '2024-02-26 00:39:09', '2024-02-26 00:39:09'),
(382, 21, 68, 1, '2024-02-26 00:46:26', '2024-02-26 00:46:26'),
(383, 3, 68, 3, '2024-02-26 00:46:26', '2024-02-26 00:46:26'),
(384, 17, 68, 1, '2024-02-26 00:46:26', '2024-02-26 00:46:26'),
(385, 9, 68, 3, '2024-02-26 00:46:26', '2024-02-26 00:46:26'),
(386, 11, 68, 3, '2024-02-26 00:46:26', '2024-02-26 00:46:26'),
(387, 12, 68, 3, '2024-02-26 00:46:26', '2024-02-26 00:46:26'),
(388, 10, 68, 3, '2024-02-26 00:46:26', '2024-02-26 00:46:26'),
(389, 4, 68, 1, '2024-02-26 00:46:26', '2024-02-26 00:46:26'),
(390, 21, 71, 1, '2024-02-26 00:56:48', '2024-02-26 00:56:48'),
(391, 3, 71, 3, '2024-02-26 00:56:48', '2024-02-26 00:56:48'),
(392, 17, 71, 1, '2024-02-26 00:56:48', '2024-02-26 00:56:48'),
(393, 9, 71, 3, '2024-02-26 00:56:48', '2024-02-26 00:56:48'),
(394, 11, 71, 3, '2024-02-26 00:56:48', '2024-02-26 00:56:48'),
(395, 12, 71, 3, '2024-02-26 00:56:48', '2024-02-26 00:56:48'),
(396, 10, 71, 3, '2024-02-26 00:56:48', '2024-02-26 00:56:48'),
(397, 4, 71, 1, '2024-02-26 00:56:48', '2024-02-26 00:56:48'),
(398, 1, 78, 1, '2024-03-01 03:14:12', '2024-03-01 03:14:12'),
(399, 3, 78, 1, '2024-03-01 03:14:12', '2024-03-01 03:14:12'),
(400, 9, 78, 2, '2024-03-01 03:14:12', '2024-03-01 03:14:12'),
(401, 10, 78, 1, '2024-03-01 03:14:12', '2024-03-01 03:14:12'),
(402, 11, 78, 2, '2024-03-01 03:14:12', '2024-03-01 03:14:12'),
(403, 12, 78, 1, '2024-03-01 03:14:12', '2024-03-01 03:14:12'),
(404, 16, 78, 1, '2024-03-01 03:14:12', '2024-03-01 03:14:12'),
(405, 1, 76, 1, '2024-03-01 03:19:53', '2024-03-01 03:19:53'),
(406, 3, 76, 1, '2024-03-01 03:19:53', '2024-03-01 03:19:53'),
(407, 9, 76, 2, '2024-03-01 03:19:53', '2024-03-01 03:19:53'),
(408, 10, 76, 1, '2024-03-01 03:19:53', '2024-03-01 03:19:53'),
(409, 11, 76, 2, '2024-03-01 03:19:53', '2024-03-01 03:19:53'),
(410, 12, 76, 1, '2024-03-01 03:19:53', '2024-03-01 03:19:53'),
(411, 16, 76, 1, '2024-03-01 03:19:53', '2024-03-01 03:19:53'),
(412, 1, 77, 1, '2024-03-01 03:23:23', '2024-03-01 03:23:23'),
(413, 3, 77, 1, '2024-03-01 03:23:23', '2024-03-01 03:23:23'),
(414, 9, 77, 2, '2024-03-01 03:23:23', '2024-03-01 03:23:23'),
(415, 10, 77, 1, '2024-03-01 03:23:23', '2024-03-01 03:23:23'),
(416, 11, 77, 2, '2024-03-01 03:23:23', '2024-03-01 03:23:23'),
(417, 12, 77, 1, '2024-03-01 03:23:23', '2024-03-01 03:23:23'),
(418, 16, 77, 1, '2024-03-01 03:23:23', '2024-03-01 03:23:23'),
(419, 1, 79, 1, '2024-03-01 03:26:54', '2024-03-01 03:26:54'),
(420, 3, 79, 1, '2024-03-01 03:26:54', '2024-03-01 03:26:54'),
(421, 9, 79, 2, '2024-03-01 03:26:54', '2024-03-01 03:26:54'),
(422, 10, 79, 1, '2024-03-01 03:26:54', '2024-03-01 03:26:54'),
(423, 11, 79, 2, '2024-03-01 03:26:54', '2024-03-01 03:26:54'),
(424, 12, 79, 1, '2024-03-01 03:26:54', '2024-03-01 03:26:54'),
(425, 16, 79, 1, '2024-03-01 03:26:54', '2024-03-01 03:26:54'),
(426, 1, 80, 1, '2024-03-01 03:29:40', '2024-03-01 03:29:40'),
(427, 3, 80, 1, '2024-03-01 03:29:40', '2024-03-01 03:29:40'),
(428, 9, 80, 2, '2024-03-01 03:29:40', '2024-03-01 03:29:40'),
(429, 10, 80, 1, '2024-03-01 03:29:40', '2024-03-01 03:29:40'),
(430, 11, 80, 2, '2024-03-01 03:29:40', '2024-03-01 03:29:40'),
(431, 12, 80, 1, '2024-03-01 03:29:40', '2024-03-01 03:29:40'),
(432, 16, 80, 1, '2024-03-01 03:29:40', '2024-03-01 03:29:40'),
(433, 1, 81, 1, '2024-03-01 03:32:34', '2024-03-01 03:32:34'),
(434, 3, 81, 1, '2024-03-01 03:32:34', '2024-03-01 03:32:34'),
(435, 9, 81, 2, '2024-03-01 03:32:34', '2024-03-01 03:32:34'),
(436, 10, 81, 1, '2024-03-01 03:32:34', '2024-03-01 03:32:34'),
(437, 11, 81, 2, '2024-03-01 03:32:34', '2024-03-01 03:32:34'),
(438, 12, 81, 1, '2024-03-01 03:32:34', '2024-03-01 03:32:34'),
(439, 16, 81, 1, '2024-03-01 03:32:34', '2024-03-01 03:32:34'),
(440, 1, 82, 1, '2024-03-01 03:50:54', '2024-03-01 03:50:54'),
(441, 3, 82, 1, '2024-03-01 03:50:54', '2024-03-01 03:50:54'),
(442, 9, 82, 2, '2024-03-01 03:50:54', '2024-03-01 03:50:54'),
(443, 10, 82, 1, '2024-03-01 03:50:54', '2024-03-01 03:50:54'),
(444, 11, 82, 2, '2024-03-01 03:50:54', '2024-03-01 03:50:54'),
(445, 12, 82, 1, '2024-03-01 03:50:54', '2024-03-01 03:50:54'),
(446, 16, 82, 1, '2024-03-01 03:50:54', '2024-03-01 03:50:54'),
(447, 1, 83, 1, '2024-03-01 03:56:28', '2024-03-01 03:56:28'),
(448, 3, 83, 1, '2024-03-01 03:56:28', '2024-03-01 03:56:28'),
(449, 9, 83, 2, '2024-03-01 03:56:28', '2024-03-01 03:56:28'),
(450, 10, 83, 1, '2024-03-01 03:56:28', '2024-03-01 03:56:28'),
(451, 11, 83, 2, '2024-03-01 03:56:28', '2024-03-01 03:56:28'),
(452, 12, 83, 1, '2024-03-01 03:56:28', '2024-03-01 03:56:28'),
(453, 16, 83, 1, '2024-03-01 03:56:28', '2024-03-01 03:56:28'),
(456, 14, 59, 1, '2024-03-02 04:06:20', '2024-03-02 04:06:20'),
(457, 15, 59, 1, '2024-03-02 04:06:27', '2024-03-02 04:06:27'),
(458, 14, 69, 1, '2024-03-02 04:31:05', '2024-03-02 04:31:05'),
(459, 15, 69, 1, '2024-03-02 04:31:12', '2024-03-02 04:31:12'),
(460, 14, 67, 1, '2024-03-02 04:33:03', '2024-03-02 04:33:03'),
(461, 15, 67, 1, '2024-03-02 04:33:09', '2024-03-02 04:33:09'),
(462, 14, 65, 1, '2024-03-02 04:33:42', '2024-03-02 04:33:42'),
(463, 15, 65, 1, '2024-03-02 04:33:48', '2024-03-02 04:33:48'),
(464, 14, 66, 1, '2024-03-02 04:34:32', '2024-03-02 04:34:32'),
(465, 15, 66, 1, '2024-03-02 04:34:37', '2024-03-02 04:34:37'),
(466, 14, 72, 1, '2024-03-02 04:35:10', '2024-03-02 04:35:10'),
(467, 15, 72, 1, '2024-03-02 04:35:15', '2024-03-02 04:35:15'),
(468, 14, 74, 1, '2024-03-02 04:35:46', '2024-03-02 04:35:46'),
(469, 15, 74, 1, '2024-03-02 04:35:52', '2024-03-02 04:35:52'),
(470, 14, 75, 1, '2024-03-02 04:36:38', '2024-03-02 04:36:38'),
(471, 15, 75, 1, '2024-03-02 04:36:43', '2024-03-02 04:36:43'),
(472, 14, 70, 1, '2024-03-02 04:37:17', '2024-03-02 04:37:17'),
(473, 15, 70, 1, '2024-03-02 04:37:22', '2024-03-02 04:37:22'),
(474, 27, 16, 1, '2024-03-07 02:58:37', '2024-03-07 02:58:37'),
(475, 3, 87, 1, '2024-03-21 03:21:57', '2024-03-21 03:21:57'),
(476, 22, 87, 1, '2024-03-21 03:22:19', '2024-03-21 03:22:19'),
(477, 9, 87, 1, '2024-03-21 03:22:34', '2024-03-21 03:22:34'),
(478, 10, 87, 1, '2024-03-21 03:22:40', '2024-03-21 03:22:40'),
(479, 11, 87, 1, '2024-03-21 03:22:45', '2024-03-21 03:22:45'),
(480, 12, 87, 1, '2024-03-21 03:22:53', '2024-03-21 03:22:53'),
(481, 3, 88, 1, '2024-03-21 03:33:39', '2024-03-21 03:33:39'),
(482, 22, 88, 1, '2024-03-21 03:33:39', '2024-03-21 03:33:39'),
(483, 9, 88, 1, '2024-03-21 03:33:39', '2024-03-21 03:33:39'),
(484, 10, 88, 1, '2024-03-21 03:33:39', '2024-03-21 03:33:39'),
(485, 11, 88, 1, '2024-03-21 03:33:39', '2024-03-21 03:33:39'),
(486, 12, 88, 1, '2024-03-21 03:33:39', '2024-03-21 03:33:39'),
(487, 3, 89, 1, '2024-03-21 03:37:23', '2024-03-21 03:37:23'),
(488, 22, 89, 1, '2024-03-21 03:37:23', '2024-03-21 03:37:23'),
(489, 9, 89, 1, '2024-03-21 03:37:23', '2024-03-21 03:37:23'),
(490, 10, 89, 1, '2024-03-21 03:37:23', '2024-03-21 03:37:23'),
(491, 11, 89, 1, '2024-03-21 03:37:23', '2024-03-21 03:37:23'),
(492, 12, 89, 1, '2024-03-21 03:37:23', '2024-03-21 03:37:23'),
(493, 3, 90, 1, '2024-03-21 03:40:08', '2024-03-21 03:40:08'),
(494, 22, 90, 1, '2024-03-21 03:40:08', '2024-03-21 03:40:08'),
(495, 9, 90, 1, '2024-03-21 03:40:08', '2024-03-21 03:40:08'),
(496, 10, 90, 1, '2024-03-21 03:40:08', '2024-03-21 03:40:08'),
(497, 11, 90, 1, '2024-03-21 03:40:08', '2024-03-21 03:40:08'),
(498, 12, 90, 1, '2024-03-21 03:40:08', '2024-03-21 03:40:08'),
(499, 3, 91, 1, '2024-03-21 03:41:57', '2024-03-21 03:41:57'),
(500, 22, 91, 1, '2024-03-21 03:41:57', '2024-03-21 03:41:57'),
(501, 9, 91, 1, '2024-03-21 03:41:57', '2024-03-21 03:41:57'),
(502, 10, 91, 1, '2024-03-21 03:41:57', '2024-03-21 03:41:57'),
(503, 11, 91, 1, '2024-03-21 03:41:57', '2024-03-21 03:41:57'),
(504, 12, 91, 1, '2024-03-21 03:41:57', '2024-03-21 03:41:57'),
(505, 3, 92, 1, '2024-03-21 03:43:47', '2024-03-21 03:43:47'),
(506, 22, 92, 1, '2024-03-21 03:43:47', '2024-03-21 03:43:47'),
(507, 9, 92, 1, '2024-03-21 03:43:47', '2024-03-21 03:43:47'),
(508, 10, 92, 1, '2024-03-21 03:43:47', '2024-03-21 03:43:47'),
(509, 11, 92, 1, '2024-03-21 03:43:47', '2024-03-21 03:43:47'),
(510, 12, 92, 1, '2024-03-21 03:43:47', '2024-03-21 03:43:47');

-- --------------------------------------------------------

--
-- Estrutura para tabela `migrations`
--

CREATE TABLE `migrations` (
  `id` int(10) UNSIGNED NOT NULL,
  `migration` varchar(255) NOT NULL,
  `batch` int(11) NOT NULL
) ENGINE=InnoDB DEFAULT CHARSET=utf8mb4 COLLATE=utf8mb4_unicode_ci;

--
-- Despejando dados para a tabela `migrations`
--

INSERT INTO `migrations` (`id`, `migration`, `batch`) VALUES
(1, '2014_10_12_000000_create_users_table', 1),
(2, '2014_10_12_100000_create_password_resets_table', 1),
(3, '2019_08_19_000000_create_failed_jobs_table', 1),
(4, '2019_12_14_000001_create_personal_access_tokens_table', 1),
(5, '2021_10_28_163722_create_produtos_table', 2),
(6, '2021_10_28_163811_create_ingredientes_table', 2),
(8, '2021_10_28_163834_create_itens_table', 3),
(10, '2021_10_30_203602_create_entrada_table', 4),
(11, '2021_11_03_151918_create_acessorios_table', 5),
(12, '2021_11_03_201524_create_itens_acessorios_table', 6),
(14, '2021_11_03_224803_create_entrada_acessorio_table', 7);

-- --------------------------------------------------------

--
-- Estrutura para tabela `password_resets`
--

CREATE TABLE `password_resets` (
  `email` varchar(255) NOT NULL,
  `token` varchar(255) NOT NULL,
  `created_at` timestamp NULL DEFAULT NULL
) ENGINE=InnoDB DEFAULT CHARSET=utf8mb4 COLLATE=utf8mb4_unicode_ci;

-- --------------------------------------------------------

--
-- Estrutura para tabela `personal_access_tokens`
--

CREATE TABLE `personal_access_tokens` (
  `id` bigint(20) UNSIGNED NOT NULL,
  `tokenable_type` varchar(255) NOT NULL,
  `tokenable_id` bigint(20) UNSIGNED NOT NULL,
  `name` varchar(255) NOT NULL,
  `token` varchar(64) NOT NULL,
  `abilities` text DEFAULT NULL,
  `last_used_at` timestamp NULL DEFAULT NULL,
  `created_at` timestamp NULL DEFAULT NULL,
  `updated_at` timestamp NULL DEFAULT NULL
) ENGINE=InnoDB DEFAULT CHARSET=utf8mb4 COLLATE=utf8mb4_unicode_ci;

-- --------------------------------------------------------

--
-- Estrutura para tabela `produtos`
--

CREATE TABLE `produtos` (
  `id` int(10) UNSIGNED NOT NULL,
  `descricao` varchar(30) NOT NULL,
  `tipo` varchar(15) NOT NULL,
  `created_at` timestamp NULL DEFAULT NULL,
  `updated_at` timestamp NULL DEFAULT NULL
) ENGINE=InnoDB DEFAULT CHARSET=utf8mb4 COLLATE=utf8mb4_unicode_ci;

--
-- Despejando dados para a tabela `produtos`
--

INSERT INTO `produtos` (`id`, `descricao`, `tipo`, `created_at`, `updated_at`) VALUES
(1, 'Dog', 'lanche', NULL, NULL),
(2, 'Dog Mussarela', 'lanche', NULL, NULL),
(3, 'Prensadinho', 'Lanche', '2021-10-31 02:28:14', '2021-10-31 02:28:14'),
(4, 'Prensadinho Salsicha', 'Lanche', '2021-10-31 02:30:45', '2021-10-31 02:30:45'),
(5, 'Vegetariano', 'Lanche', '2021-10-31 02:31:03', '2021-10-31 02:31:03'),
(6, 'X Falcão', 'Lanche', '2021-11-10 00:18:21', '2021-11-10 00:18:21'),
(7, 'X Biel', 'Lanche', '2021-11-10 00:18:32', '2021-11-10 00:18:32'),
(8, 'X Marlon', 'Lanche', '2021-11-10 00:19:11', '2021-11-10 00:19:11'),
(9, 'Big Dogão', 'Lanche', '2021-11-10 00:19:35', '2021-11-10 00:19:35'),
(10, 'Big Hamburguer', 'Lanche', '2021-11-10 00:19:54', '2021-11-10 00:19:54'),
(12, 'Big Frango', 'Lanche', '2021-11-10 00:20:19', '2021-11-10 00:20:19'),
(16, 'Big Hamburgão', 'Lanche', '2021-11-10 00:21:00', '2021-11-10 00:21:00'),
(18, 'Big Churrasquinho', 'Lanche', '2021-11-10 00:21:33', '2021-11-10 00:21:33'),
(20, 'Saturno', 'Lanche', '2021-11-10 00:22:07', '2021-11-10 00:22:07'),
(23, 'Netuno 4 Queijos', 'Lanche', '2021-11-10 00:22:37', '2021-11-10 00:22:37'),
(25, 'Galáxia', 'Lanche', '2021-11-10 00:23:02', '2021-11-10 00:23:02'),
(26, 'Júpiter Kids', 'Lanche', '2021-11-10 00:23:25', '2021-11-10 00:23:25'),
(27, 'Marte', 'Lanche', '2021-11-10 00:23:33', '2021-11-10 00:23:33'),
(28, 'X Cometa', 'Lanche', '2021-11-10 00:23:45', '2021-11-10 00:23:45'),
(39, 'Isca de Peixe', 'Porcao', '2021-11-10 00:27:18', '2021-11-10 00:27:18'),
(40, 'Batata Frita', 'Porcao', '2021-11-10 00:27:31', '2021-11-10 00:27:31'),
(42, 'Cebola Empanada', 'Porcao', '2021-11-10 00:28:21', '2021-11-10 00:28:21'),
(55, 'Salgados Fritos', 'Porcao', '2022-05-25 04:31:03', '2022-05-25 04:31:03'),
(58, 'Estrela', 'Lanche', '2022-05-30 04:14:19', '2022-05-30 04:14:19'),
(59, 'Combo amigos', 'Combo', '2024-02-17 01:39:02', '2024-02-17 01:39:02'),
(60, 'Combo Broto', 'Combo', '2024-02-24 03:27:46', '2024-02-24 03:27:46'),
(65, 'Combo Casal I', 'Combo', '2024-02-24 03:33:18', '2024-02-24 03:33:18'),
(66, 'Combo Especial', 'Combo', '2024-02-24 03:35:34', '2024-02-24 03:35:34'),
(67, 'Combo Casal', 'Combo', '2024-02-24 03:36:21', '2024-02-24 03:36:21'),
(68, 'Combo Trio', 'Combo', '2024-02-24 03:36:44', '2024-02-24 03:36:44'),
(69, 'Combo Bem Bolado', 'Combo', '2024-02-24 03:37:00', '2024-02-24 03:37:00'),
(70, 'Combo Novo', 'Combo', '2024-02-24 03:37:35', '2024-02-24 03:37:35'),
(71, 'Combo Turma', 'Combo', '2024-02-24 03:37:53', '2024-02-24 03:37:53'),
(72, 'Combo Familia', 'Combo', '2024-02-24 03:38:09', '2024-02-24 03:38:09'),
(73, 'Combo Super Master', 'Combo', '2024-02-24 03:38:35', '2024-02-24 03:38:35'),
(74, 'Combo Galera', 'Combo', '2024-02-24 03:38:53', '2024-02-24 03:38:53'),
(75, 'Combo Ki-Kombão', 'Combo', '2024-02-24 03:39:11', '2024-02-24 03:39:11'),
(76, 'Dog Duplo', 'Lanche', '2024-03-01 02:34:06', '2024-03-01 02:34:06'),
(77, 'Dog Frango', 'Lanche', '2024-03-01 02:34:22', '2024-03-01 02:34:22'),
(78, 'Dog Bacon', 'Lanche', '2024-03-01 02:34:45', '2024-03-01 02:34:45'),
(79, 'Dog Calabresa', 'Lanche', '2024-03-01 02:34:56', '2024-03-01 02:34:56'),
(80, 'Dog Catupiry', 'Lanche', '2024-03-01 02:35:08', '2024-03-01 02:35:08'),
(81, 'Dog Cheddar', 'Lanche', '2024-03-01 02:35:18', '2024-03-01 02:35:18'),
(82, 'Vegetariano 4 Queijos', 'Lanche', '2024-03-01 02:36:02', '2024-03-01 02:36:02'),
(83, 'Big Monstro', 'Lanche', '2024-03-01 02:36:31', '2024-03-01 02:36:31'),
(84, 'Molho Rose', 'Ingrediente', '2024-03-02 01:38:25', '2024-03-02 03:50:48'),
(85, 'Filé de Peito Temperado', 'Ingrediente', '2024-03-06 01:24:51', '2024-03-06 01:27:27'),
(86, 'Carne Moída Temperada', 'Ingrediente', '2024-03-06 01:27:49', '2024-03-06 01:27:49'),
(87, 'Combo Terça Feira', 'Combo', '2024-03-21 03:18:24', '2024-03-21 03:18:24'),
(88, 'Combo Quarta Feira', 'Combo', '2024-03-21 03:31:17', '2024-03-21 03:31:17'),
(89, 'Combo Quinta Feira', 'Combo', '2024-03-21 03:34:44', '2024-03-21 03:34:44'),
(90, 'Combo Sexta Feira', 'Combo', '2024-03-21 03:37:44', '2024-03-21 03:37:44'),
(91, 'Combo Sabado', 'Combo', '2024-03-21 03:40:24', '2024-03-21 03:40:24'),
(92, 'Combo Domingo', 'Combo', '2024-03-21 03:42:11', '2024-03-21 03:42:11');

-- --------------------------------------------------------

--
-- Estrutura para tabela `saida`
--

CREATE TABLE `saida` (
  `id` bigint(20) UNSIGNED NOT NULL,
  `descricao` varchar(255) NOT NULL,
  `valor` double(8,2) NOT NULL,
  `vencimento` date NOT NULL,
  `status` varchar(255) DEFAULT NULL,
  `created_at` timestamp NULL DEFAULT NULL,
  `updated_at` timestamp NULL DEFAULT NULL
) ENGINE=InnoDB DEFAULT CHARSET=utf8mb4 COLLATE=utf8mb4_unicode_ci;

--
-- Despejando dados para a tabela `saida`
--

INSERT INTO `saida` (`id`, `descricao`, `valor`, `vencimento`, `status`, `created_at`, `updated_at`) VALUES
(4, 'Energia', 1.24, '2022-02-11', NULL, '2022-01-27 02:15:02', '2022-01-27 02:15:02'),
(5, 'Energia', 1241.00, '2022-02-11', NULL, '2022-01-27 02:15:58', '2022-01-27 02:15:58'),
(6, 'Mercado Mituo', 237.00, '2022-02-26', NULL, '2022-01-27 02:16:59', '2022-01-27 02:16:59'),
(7, 'Cheque Documento Carro', 508.00, '2022-02-20', NULL, '2022-01-27 02:17:41', '2022-01-27 02:17:41'),
(8, 'Cheque Padaria', 598.00, '2022-02-15', NULL, '2022-01-27 02:18:12', '2022-01-27 02:18:12'),
(9, 'Acordo Setelen', 75.00, '2022-02-10', NULL, '2022-01-27 02:19:10', '2022-01-27 02:19:10'),
(10, 'CDHU', 124.00, '2022-02-21', NULL, '2022-01-27 02:19:53', '2022-01-27 02:19:53'),
(11, 'Seguro de Vida', 102.00, '2022-02-17', NULL, '2022-01-27 02:20:45', '2022-01-27 02:20:45'),
(12, 'Internet', 69.00, '2022-02-20', NULL, '2022-01-27 02:21:50', '2022-01-27 02:21:50'),
(13, 'Simples', 63.00, '2022-02-21', NULL, '2022-01-27 02:24:25', '2022-01-27 02:24:25'),
(14, 'Agua', 121.00, '2022-02-15', NULL, '2022-01-27 02:24:40', '2022-01-27 02:24:40'),
(15, 'Imposto Acordo', 79.00, '2022-02-21', NULL, '2022-01-27 02:25:00', '2022-01-27 02:25:00'),
(16, 'Consorcio Carro', 570.00, '2022-02-10', NULL, '2022-01-27 02:25:39', '2022-01-27 02:25:39'),
(17, 'Emprestimo Banco do Brasil', 140.00, '2022-02-11', NULL, '2022-01-27 02:26:08', '2022-01-27 02:26:08'),
(18, 'Consorcio Moto', 243.00, '2022-02-10', NULL, '2022-01-27 02:27:45', '2022-01-27 02:27:45'),
(19, 'Seguro da Casa', 100.00, '2022-02-12', NULL, '2022-01-27 02:28:24', '2022-01-27 02:28:24'),
(20, 'Dusnei', 370.00, '2022-02-02', NULL, '2022-01-27 02:29:23', '2022-01-27 02:29:23');

-- --------------------------------------------------------

--
-- Estrutura para tabela `users`
--

CREATE TABLE `users` (
  `id` bigint(20) UNSIGNED NOT NULL,
  `name` varchar(255) NOT NULL,
  `email` varchar(255) NOT NULL,
  `email_verified_at` timestamp NULL DEFAULT NULL,
  `password` varchar(255) NOT NULL,
  `remember_token` varchar(100) DEFAULT NULL,
  `created_at` timestamp NULL DEFAULT NULL,
  `updated_at` timestamp NULL DEFAULT NULL
) ENGINE=InnoDB DEFAULT CHARSET=utf8mb4 COLLATE=utf8mb4_unicode_ci;

--
-- Índices para tabelas despejadas
--

--
-- Índices de tabela `acessorios`
--
ALTER TABLE `acessorios`
  ADD PRIMARY KEY (`id`);

--
-- Índices de tabela `entrada`
--
ALTER TABLE `entrada`
  ADD PRIMARY KEY (`id`),
  ADD KEY `entrada_id_ingrediente_foreign` (`id_ingrediente`);

--
-- Índices de tabela `entrada_acessorio`
--
ALTER TABLE `entrada_acessorio`
  ADD PRIMARY KEY (`id`),
  ADD KEY `entrada_acessorio_id_acessorio_foreign` (`id_acessorio`);

--
-- Índices de tabela `ingredientes`
--
ALTER TABLE `ingredientes`
  ADD PRIMARY KEY (`id`);

--
-- Índices de tabela `itens`
--
ALTER TABLE `itens`
  ADD PRIMARY KEY (`id`),
  ADD KEY `itens_id_ingrediente_foreign` (`id_ingrediente`),
  ADD KEY `itens_id_produto_foreign` (`id_produto`);

--
-- Índices de tabela `itens_acessorios`
--
ALTER TABLE `itens_acessorios`
  ADD PRIMARY KEY (`id`),
  ADD KEY `itens_acessorios_id_acessorio_foreign` (`id_acessorio`),
  ADD KEY `itens_acessorios_id_produto_foreign` (`id_produto`);

--
-- Índices de tabela `migrations`
--
ALTER TABLE `migrations`
  ADD PRIMARY KEY (`id`);

--
-- Índices de tabela `password_resets`
--
ALTER TABLE `password_resets`
  ADD KEY `password_resets_email_index` (`email`(191));

--
-- Índices de tabela `personal_access_tokens`
--
ALTER TABLE `personal_access_tokens`
  ADD PRIMARY KEY (`id`),
  ADD UNIQUE KEY `personal_access_tokens_token_unique` (`token`),
  ADD KEY `personal_access_tokens_tokenable_type_tokenable_id_index` (`tokenable_type`(191),`tokenable_id`);

--
-- Índices de tabela `produtos`
--
ALTER TABLE `produtos`
  ADD PRIMARY KEY (`id`);

--
-- Índices de tabela `saida`
--
ALTER TABLE `saida`
  ADD PRIMARY KEY (`id`);

--
-- AUTO_INCREMENT para tabelas despejadas
--

--
-- AUTO_INCREMENT de tabela `acessorios`
--
ALTER TABLE `acessorios`
  MODIFY `id` int(20) UNSIGNED NOT NULL AUTO_INCREMENT, AUTO_INCREMENT=28;

--
-- AUTO_INCREMENT de tabela `entrada`
--
ALTER TABLE `entrada`
  MODIFY `id` bigint(20) UNSIGNED NOT NULL AUTO_INCREMENT, AUTO_INCREMENT=436;

--
-- AUTO_INCREMENT de tabela `entrada_acessorio`
--
ALTER TABLE `entrada_acessorio`
  MODIFY `id` bigint(20) UNSIGNED NOT NULL AUTO_INCREMENT, AUTO_INCREMENT=86;

--
-- AUTO_INCREMENT de tabela `ingredientes`
--
ALTER TABLE `ingredientes`
  MODIFY `id` int(10) UNSIGNED NOT NULL AUTO_INCREMENT, AUTO_INCREMENT=87;

--
-- AUTO_INCREMENT de tabela `itens`
--
ALTER TABLE `itens`
  MODIFY `id` bigint(20) UNSIGNED NOT NULL AUTO_INCREMENT, AUTO_INCREMENT=833;

--
-- AUTO_INCREMENT de tabela `itens_acessorios`
--
ALTER TABLE `itens_acessorios`
  MODIFY `id` bigint(20) UNSIGNED NOT NULL AUTO_INCREMENT, AUTO_INCREMENT=511;

--
-- AUTO_INCREMENT de tabela `migrations`
--
ALTER TABLE `migrations`
  MODIFY `id` int(10) UNSIGNED NOT NULL AUTO_INCREMENT, AUTO_INCREMENT=15;

--
-- AUTO_INCREMENT de tabela `personal_access_tokens`
--
ALTER TABLE `personal_access_tokens`
  MODIFY `id` bigint(20) UNSIGNED NOT NULL AUTO_INCREMENT;

--
-- AUTO_INCREMENT de tabela `produtos`
--
ALTER TABLE `produtos`
  MODIFY `id` int(10) UNSIGNED NOT NULL AUTO_INCREMENT, AUTO_INCREMENT=93;

--
-- AUTO_INCREMENT de tabela `saida`
--
ALTER TABLE `saida`
  MODIFY `id` bigint(20) UNSIGNED NOT NULL AUTO_INCREMENT, AUTO_INCREMENT=21;

--
-- Restrições para tabelas despejadas
--

--
-- Restrições para tabelas `entrada`
--
ALTER TABLE `entrada`
  ADD CONSTRAINT `entrada_id_ingrediente_foreign` FOREIGN KEY (`id_ingrediente`) REFERENCES `ingredientes` (`id`);
COMMIT;

/*!40101 SET CHARACTER_SET_CLIENT=@OLD_CHARACTER_SET_CLIENT */;
/*!40101 SET CHARACTER_SET_RESULTS=@OLD_CHARACTER_SET_RESULTS */;
/*!40101 SET COLLATION_CONNECTION=@OLD_COLLATION_CONNECTION */;
